{
  "type": "minecraft:cache_once",
  "argument": {
    "type": "minecraft:mul",
    "argument1": 1.2,
    "argument2": {
      "type": "minecraft:max",
      "argument1": {
        "type": "minecraft:old_blended_noise",
        "xz_scale": 0.225,
        "y_scale": 0.3,
        "xz_factor": 400,
        "y_factor": 200,
        "smear_scale_multiplier": 7
      },
      "argument2": {
        "type": "minecraft:old_blended_noise",
        "xz_scale": 0.3,
        "y_scale": 0.15,
        "xz_factor": 600,
        "y_factor": 160,
        "smear_scale_multiplier": 3
      }
    }
  }
}