{
  "type": "minecraft:flat_cache",
  "argument": {
    "type": "minecraft:cache_2d",
    "argument": {
      "type": "minecraft:mul",
      "argument1": {
        "type": "minecraft:add",
        "argument1": {
          "type": "minecraft:spline",
          "spline": {
            "coordinate": "stellarity:climate/continents",
            "points": [
              {
                "location": -1,
                "derivative": 0.1,
                "value": {
                  "coordinate": "stellarity:climate/erosion",
                  "points": [
                    {
                      "location": -0.8,
                      "derivative": 0,
                      "value": -0.36
                    },
                    {
                      "location": -0.9,
                      "derivative": 0,
                      "value": -0.265
                    },
                    {
                      "location": -1,
                      "derivative": 0,
                      "value": -0.05
                    }
                  ]
                }
              },
              {
                "location": -0.6,
                "derivative": 0.1,
                "value": {
                  "coordinate": "stellarity:climate/erosion",
                  "points": [
                    {
                      "location": -0.6,
                      "derivative": 0,
                      "value": -0.165
                    },
                    {
                      "location": -0.7,
                      "derivative": 0,
                      "value": -0.1655
                    },
                    {
                      "location": -0.9,
                      "derivative": 0,
                      "value": -0.265
                    },
                    {
                      "location": -0.8,
                      "derivative": 0,
                      "value": -0.36
                    },
                    {
                      "location": -1,
                      "derivative": 0,
                      "value": -0.05
                    }
                  ]
                }
              },
              {
                "location": -0.4,
                "derivative": 0.2,
                "value": {
                  "coordinate": "stellarity:climate/erosion",
                  "points": [
                    {
                      "location": -0.1,
                      "derivative": 0,
                      "value": -0.025
                    },
                    {
                      "location": -0.2,
                      "derivative": 0,
                      "value": -0.05
                    }
                  ]
                }
              },
              {
                "location": 0.2,
                "derivative": 0.2,
                "value": {
                  "coordinate": "stellarity:climate/erosion",
                  "points": [
                    {
                      "location": 0.6,
                      "derivative": 0,
                      "value": 0.09
                    },
                    {
                      "location": 0.7,
                      "derivative": 0,
                      "value": 0.09
                    },
                    {
                      "location": 0.8,
                      "derivative": 0,
                      "value": 0.1
                    },
                    {
                      "location": 0.9,
                      "derivative": 0,
                      "value": 0.13
                    },
                    {
                      "location": 1,
                      "derivative": 0,
                      "value": 0.09
                    }
                  ]
                }
              },
              {
                "location": 0.6,
                "derivative": 0.06,
                "value": {
                  "coordinate": "stellarity:climate/erosion",
                  "points": [
                    {
                      "location": 0,
                      "derivative": 0,
                      "value": 0.05
                    },
                    {
                      "location": 0.1,
                      "derivative": 0,
                      "value": 0.08
                    },
                    {
                      "location": 0.1,
                      "derivative": 0,
                      "value": 0.09
                    },
                    {
                      "location": 0.3,
                      "derivative": 0,
                      "value": 0.15
                    },
                    {
                      "location": 0.4,
                      "derivative": 0,
                      "value": 0.16
                    },
                    {
                      "location": 0.5,
                      "derivative": 0,
                      "value": 0.09
                    },
                    {
                      "location": 0.6,
                      "derivative": 0,
                      "value": 0.09
                    },
                    {
                      "location": 0.7,
                      "derivative": 0,
                      "value": 0.09
                    },
                    {
                      "location": 0.8,
                      "derivative": 0,
                      "value": 0.1
                    },
                    {
                      "location": 0.9,
                      "derivative": 0,
                      "value": 0.13
                    },
                    {
                      "location": 1,
                      "derivative": 0,
                      "value": 0.09
                    }
                  ]
                }
              },
              {
                "location": 0.8,
                "derivative": 0,
                "value": {
                  "coordinate": "stellarity:climate/erosion",
                  "points": [
                    {
                      "location": 0.6,
                      "derivative": 0,
                      "value": 0.09
                    },
                    {
                      "location": 0.8,
                      "derivative": 0,
                      "value": 0.1
                    }
                  ]
                }
              },
              {
                "location": 0.9,
                "derivative": 0,
                "value": {
                  "coordinate": "stellarity:climate/erosion",
                  "points": [
                    {
                      "location": 0.1,
                      "derivative": 0,
                      "value": 0.08
                    },
                    {
                      "location": 0.1,
                      "derivative": 0,
                      "value": 0.09
                    },
                    {
                      "location": 0.7,
                      "derivative": 0,
                      "value": 0.09
                    },
                    {
                      "location": 0.8,
                      "derivative": 0,
                      "value": 0.1
                    }
                  ]
                }
              },
              {
                "location": 1,
                "derivative": 0,
                "value": {
                  "coordinate": "stellarity:climate/erosion",
                  "points": [
                    {
                      "location": 0,
                      "derivative": 0,
                      "value": 0.05
                    },
                    {
                      "location": 0.6,
                      "derivative": 0,
                      "value": 0.09
                    },
                    {
                      "location": 0.7,
                      "derivative": 0,
                      "value": 0.09
                    },
                    {
                      "location": 0.9,
                      "derivative": 0,
                      "value": 0.13
                    },
                    {
                      "location": 1,
                      "derivative": 0,
                      "value": 0.09
                    }
                  ]
                }
              }
            ]
          }
        },
        "argument2": -0.15
      },
      "argument2": 1.88
    }
  }
}