{
    "pools": [
        {
            "rolls": 1,
            "entries": [
                {
                    "type": "minecraft:item",
                    "name": "minecraft:golden_helmet",
                    "functions": [
                        {
                            "function": "minecraft:set_components",
                            "components": {
                                "minecraft:item_name": {
                                    "text": "Crown",
                                    "color": "yellow",
                                    "italic": false
                                },
                                "minecraft:item_model": "effectgems:crown",
                                "minecraft:equippable": {
                                    "slot": "head",
                                    "equip_sound": "item.armor.equip_gold",
                                    "asset_id": "effectgems:crown"
                                },
                                "minecraft:attribute_modifiers": [
                                    {
                                        "id": "armor",
                                        "type": "armor",
                                        "amount": 3,
                                        "operation": "add_value",
                                        "slot": "head"
                                    }
                                ],
                                "minecraft:max_damage": 100,
                                "minecraft:damage": 0
                            }
                        }
                    ]
                }
            ]
        }
    ]
}