{
    "pools": [
        {
            "rolls": 1,
            "entries": [
                {
                    "type": "minecraft:item",
                    "name": "minecraft:white_dye",
                    "functions": [
                        {
                            "function": "minecraft:set_components",
                            "components": {
                                "minecraft:item_name": {
                                    "text": "Quartz Effect Gem",
                                    "color": "#F0EFEA",
                                    "italic": false
                                },
                                "minecraft:lore": [
                                    {
                                        "text": "Effects: ",
                                        "color": "gray",
                                        "italic": false
                                    },
                                    {
                                        "text": "Gives Glowing",
                                        "color": "#F0EFEA",
                                        "italic": false
                                    }
                                ],
                                "minecraft:item_model": "effectgems:quartzgem",
                                "minecraft:custom_data": {
                                    "ef_quartz": 1
                                }
                            }
                        }
                    ]
                }
            ]
        }
    ]
}