{
    "criteria": {
      "requirement": {
        "trigger": "minecraft:using_item",
        "conditions": {
          "player": [
            {
              "condition": "minecraft:value_check",
              "value": {
                "type": "minecraft:score",
                "target": "this",
                "score": "ic.rc_cd",
                "scale": 1
              },
              "range": {
                "min": 10
              }
            }
          ],
          "item": {
            "predicates": {
              "minecraft:custom_data": {
                "infinity_cave": {
                  "item": "enchantlet",
                  "tier": 1
                }
              }
            }
          }
        }
      }
    },
    "rewards": {
      "function": "infinity_cave:mechanics/rc/enchant/tier_1/check"
    }
  }
  