{
  "fallback": "minecraft:empty",
  "elements": [
    {
      "weight": 1,
      "element": {
        "element_type": "minecraft:single_pool_element",
        "projection": "rigid",
        "location": "stellarity:obsidian_spikes/1",
        "processors": "stellarity:obsidian_spikes"
      }
    },
    {
      "weight": 1,
      "element": {
        "element_type": "minecraft:single_pool_element",
        "projection": "rigid",
        "location": "stellarity:obsidian_spikes/2",
        "processors": "stellarity:obsidian_spikes"
      }
    },
    {
      "weight": 1,
      "element": {
        "element_type": "minecraft:single_pool_element",
        "projection": "rigid",
        "location": "stellarity:obsidian_spikes/3",
        "processors": "stellarity:obsidian_spikes"
      }
    },
    {
      "weight": 1,
      "element": {
        "element_type": "minecraft:single_pool_element",
        "projection": "rigid",
        "location": "stellarity:obsidian_spikes/4",
        "processors": "stellarity:obsidian_spikes"
      }
    },
    {
      "weight": 1,
      "element": {
        "element_type": "minecraft:single_pool_element",
        "projection": "rigid",
        "location": "stellarity:obsidian_spikes/5",
        "processors": "stellarity:obsidian_spikes"
      }
    }
  ]
}