{
  "feature": "stellarity:frozen_spikes/large_dripstone",
  "placement": [
    {
      "type": "minecraft:count",
      "count": {
        "type": "minecraft:uniform",
        "min_inclusive": 1,
        "max_inclusive": 5
      }
    },
    {
      "type": "minecraft:random_offset",
      "xz_spread": {
        "type": "minecraft:uniform",
        "min_inclusive": 6,
        "max_inclusive": 12
      },
      "y_spread": 0
    },
    {
      "type": "minecraft:height_range",
      "height": {
        "type": "minecraft:uniform",
        "min_inclusive": {
          "above_bottom": 0
        },
        "max_inclusive": {
          "below_top": 0
        }
      }
    },
    {
      "type": "minecraft:biome"
    }
  ]
}