{
    "type": "minecraft:add",
    "argument1": {
      "type": "minecraft:cache_all_in_cell",
      "argument": {
        "type": "minecraft:add",
        "argument1": {
          "type": "minecraft:y_clamped_gradient",
          "from_y": 10,
          "to_y": -96,
          "from_value": 2,
          "to_value": 0.4
        },
        "argument2": {
          "type": "minecraft:add",
          "argument1": {
            "type": "minecraft:noise",
            "noise": "minecraft:spaghetti_3d_2",
            "xz_scale": 0.4,
            "y_scale": 2.8
          },
          "argument2": {
            "type": "minecraft:mul",
            "argument1": {
              "type": "minecraft:weird_scaled_sampler",
              "rarity_value_mapper": "type_2",
              "noise": "minecraft:erosion",
              "input": {
                "type": "minecraft:interpolated",
                "argument": -0.9
              }
            },
            "argument2": {
              "type": "minecraft:interpolated",
              "argument": 0.5
            }
          }
        }
      }
    },
    "argument2": 0
  }
  