{
  "feature": "stellarity:the_void/stalactite",
  "placement": [
    {
      "type": "minecraft:count",
      "count": {
        "type": "minecraft:weighted_list",
        "distribution": [
          {
            "weight": 100,
            "data": 14
          },
          {
            "weight": 50,
            "data": 28
          },
          {
            "weight": 25,
            "data": 56
          },
          {
            "weight": 1,
            "data": 80
          }
        ]
      }
    },
    {
      "type": "minecraft:in_square"
    },
    {
      "type": "minecraft:noise_based_count",
      "noise_to_count_ratio": 10,
      "noise_factor": 55,
      "noise_offset": 0
    },
    {
      "type": "minecraft:height_range",
      "height": {
        "type": "minecraft:uniform",
        "min_inclusive": {
          "above_bottom": 0
        },
        "max_inclusive": {
          "below_top": 0
        }
      }
    },
    {
      "type": "minecraft:environment_scan",
      "direction_of_search": "up",
      "max_steps": 32,
      "target_condition": {
        "type": "minecraft:solid"
      },
      "allowed_search_condition": {
        "type": "minecraft:matching_blocks",
        "blocks": ["minecraft:air"]
      }
    },
    {
      "type": "minecraft:biome"
    }
  ]
}
