{
  "name": "battle_towers:nether/additions",
  "fallback": "minecraft:empty",
  "elements": [
    {
      "weight": 1,
      "element":
      {
        "location": "battle_towers:spawners/spawner_magma_cube",
        "processors": "minecraft:empty",
        "projection": "rigid",
        "element_type": "minecraft:single_pool_element"
      }
    },
    {
      "weight": 3,
      "element":
      {
        "location": "battle_towers:spawners/spawner_wither_skeleton",
        "processors": "minecraft:empty",
        "projection": "rigid",
        "element_type": "minecraft:single_pool_element"
      }
    },
    {
      "weight": 2,
      "element":
      {
        "location": "battle_towers:spawners/spawner_skeleton",
        "processors": "minecraft:empty",
        "projection": "rigid",
        "element_type": "minecraft:single_pool_element"
      }
    },
    {
      "weight": 3,
      "element":
      {
        "location": "battle_towers:spawners/spawner_blaze",
        "processors": "minecraft:empty",
        "projection": "rigid",
        "element_type": "minecraft:single_pool_element"
      }
    },
    {
      "weight": 3,
      "element":
      {
        "location": "battle_towers:spawners/spawner_husk",
        "processors": "minecraft:empty",
        "projection": "rigid",
        "element_type": "minecraft:single_pool_element"
      }
    }
  ]
}
