{
  "feature": "stellarity:fiery_hills/vents",
  "placement": [
    {
      "type": "minecraft:count",
      "count": 50
    },
    {
      "type": "minecraft:in_square"
    },
    {
      "type": "minecraft:height_range",
      "height": {
        "type": "minecraft:uniform",
        "min_inclusive": {
          "above_bottom": 25
        },
        "max_inclusive": {
          "below_top": 50
        }
      }
    },
    {
      "type": "minecraft:environment_scan",
      "direction_of_search": "down",
      "max_steps": 24,
      "target_condition": {
        "type": "minecraft:all_of",
        "predicates": [
          {
            "type": "minecraft:not",
            "predicate": {
              "type": "minecraft:matching_blocks",
              "offset": [
                0,
                1,
                0
              ],
              "blocks": [
                "minecraft:lava"
              ]
            }
          },
          {
            "type": "minecraft:matching_blocks",
            "offset": [
              0,
              2,
              0
            ],
            "blocks": [
              "minecraft:lava"
            ]
          },
          {
            "type": "minecraft:matching_blocks",
            "offset": [
              0,
              5,
              0
            ],
            "blocks": [
              "minecraft:air"
            ]
          }
        ]
      }
    },
    {
      "type": "minecraft:biome"
    }
  ]
}