{
  "description": {
    "translate": "enchantment.veinmine",
    "fallback": "Veinmine"
  },
  "supported_items": "#minecraft:pickaxes",
  "weight": 1,
  "max_level": 1,
  "min_cost": {
    "base": 15,
    "per_level_above_first": 0
  },
  "max_cost": {
    "base": 65,
    "per_level_above_first": 0
  },
  "anvil_cost": 7,
  "slots": [
    "mainhand"
  ],
  "effects": {
    "minecraft:tick": [
      {
        "effect": {
          "type": "minecraft:run_function",
          "function": "veinminer-enchantment:trigger"
        }
      }
    ]
  }
}
