{
  "display": {
    "icon": {
      "id": "minecraft:blue_ice",
      "count": 1
    },
    "title": {
      "text": "Frozen Menace"
    },
    "description": {
      "text": "Find the Pillager Ice Castle"
    },
    "frame": "challenge",
    "show_toast": true,
    "announce_to_chat": true,
    "hidden": true
  },
  "parent": "minecraft:adventure/root",
  "criteria": {
    "ice_castle": {
      "trigger": "minecraft:location",
      "conditions": {
        "player": [
          {
            "condition": "minecraft:entity_properties",
            "entity": "this",
            "predicate": {
              "location": {
                "structures": "luistercorp:ice_castle"
              }
            }
          }
        ]
      }
    }
  },
  "sends_telemetry_event": true
}