{
  "type": "minecraft:smithing_transform",
  "addition": "minecraft:gold_ingot",
  "base": "minecraft:shield",
  "template": "minecraft:gold_ingot",
  "result": {
    "components": {
      "minecraft:blocks_attacks": {
        "block_delay_seconds": 0.25,
        "disable_cooldown_scale": 0.4,
        "block_sound": "minecraft:item.shield.block",
        "bypassed_by": "#minecraft:bypasses_shield",
        "disabled_sound": "minecraft:item.shield.break"
      },
      "minecraft:max_damage": 350,
      "minecraft:banner_patterns": [
        {
          "color": "yellow",
          "pattern": "minecraft:base"
        },
        {
          "color": "brown",
          "pattern": "minecraft:bricks"
        },
        {
          "color": "yellow",
          "pattern": "minecraft:bricks"
        },
        {
          "color": "yellow",
          "pattern": "minecraft:gradient"
        },
        {
          "color": "brown",
          "pattern": "minecraft:gradient_up"
        }
      ],
      "minecraft:item_name": {
        "translate": "item.minecraft.shield",
        "italic": false
      },
      "minecraft:lore": [
        {
          "translate": "trim_material.minecraft.gold",
          "color": "#DEB12D",
          "italic": false
        }
      ],
      "minecraft:tooltip_display": {
        "hidden_components": [
          "minecraft:banner_patterns"
        ]
      },
      "minecraft:repairable": {
        "items": "minecraft:gold_ingot"
      },
      "minecraft:custom_data": {
        "adjusted": true
      }
    },
    "count": 1,
    "id": "minecraft:shield"
  }
}