{
  "type": "minecraft:smithing_transform",
  "addition": "minecraft:iron_ingot",
  "base": "minecraft:shield",
  "template": "minecraft:iron_ingot",
  "result": {
    "components": {
      "minecraft:blocks_attacks": {
        "block_delay_seconds": 0.25,
        "disable_cooldown_scale": 0.6,
        "damage_reductions": [
          {
            "base": 20,
            "factor": 0
          }
        ],
        "block_sound": "minecraft:item.shield.block",
        "bypassed_by": "#minecraft:bypasses_shield",
        "disabled_sound": "minecraft:item.shield.break"
      },
      "minecraft:max_damage": 450,
      "minecraft:banner_patterns": [
        {
          "color": "white",
          "pattern": "minecraft:base"
        },
        {
          "color": "light_gray",
          "pattern": "minecraft:small_stripes"
        },
        {
          "color": "light_gray",
          "pattern": "minecraft:gradient_up"
        },
        {
          "color": "white",
          "pattern": "minecraft:gradient_up"
        },
        {
          "color": "white",
          "pattern": "minecraft:gradient"
        },
        {
          "color": "light_gray",
          "pattern": "minecraft:gradient_up"
        }
      ],
      "minecraft:item_name": {
        "translate": "item.minecraft.shield",
        "italic": false
      },
      "minecraft:lore": [
        {
          "translate": "trim_material.minecraft.iron",
          "color": "#ECECEC",
          "italic": false
        }
      ],
      "minecraft:tooltip_display": {
        "hidden_components": [
          "minecraft:banner_patterns"
        ]
      },
      "minecraft:repairable": {
        "items": "minecraft:iron_ingot"
      },
      "minecraft:custom_data": {
        "adjusted": true
      }
    },
    "count": 1,
    "id": "minecraft:shield"
  }
}