{
  "type": "minecraft:smithing_transform",
  "addition": "minecraft:netherite_ingot",
  "base": "minecraft:shield",
  "template": "minecraft:netherite_ingot",
  "result": {
    "components": {
      "minecraft:blocks_attacks": {
        "block_delay_seconds": 0.25,
        "disable_cooldown_scale": 0,
        "block_sound": "minecraft:block.netherite_block.hit",
        "bypassed_by": "#minecraft:bypasses_shield",
        "disabled_sound": "minecraft:item.shield.break"
      },
      "minecraft:max_damage": 800,
      "minecraft:banner_patterns": [
        {
          "color": "light_gray",
          "pattern": "minecraft:base"
        },
        {
          "color": "gray",
          "pattern": "minecraft:border"
        },
        {
          "color": "gray",
          "pattern": "minecraft:bricks"
        },
        {
          "color": "white",
          "pattern": "minecraft:piglin"
        },
        {
          "color": "light_gray",
          "pattern": "minecraft:skull"
        },
        {
          "color": "light_gray",
          "pattern": "minecraft:guster"
        },
        {
          "color": "light_gray",
          "pattern": "minecraft:flow"
        },
        {
          "color": "light_gray",
          "pattern": "minecraft:triangle_bottom"
        },
        {
          "color": "black",
          "pattern": "minecraft:gradient"
        },
        {
          "color": "black",
          "pattern": "minecraft:gradient_up"
        }
      ],
      "minecraft:item_name": {
        "translate": "item.minecraft.shield",
        "italic": false
      },
      "minecraft:lore": [
        {
          "translate": "trim_material.minecraft.netherite",
          "color": "#625859",
          "italic": false
        }
      ],
      "minecraft:tooltip_display": {
        "hidden_components": [
          "minecraft:banner_patterns"
        ]
      },
      "minecraft:repairable": {
        "items": "minecraft:netherite_ingot"
      },
      "minecraft:custom_data": {
        "adjusted": true
      }
    },
    "count": 1,
    "id": "minecraft:shield"
  }
}