{
  "fallback": "minecraft:empty",
  "elements": [
    {
      "weight": 13,
      "element": {
        "element_type": "minecraft:single_pool_element",
        "projection": "rigid",
        "override_liquid_settings": "ignore_waterlogging",
        "location": "stellarity:chapel/decorations/lamp_1",
        "processors": "minecraft:empty"
      }
    },
    {
      "weight": 11,
      "element": {
        "element_type": "minecraft:single_pool_element",
        "projection": "rigid",
        "override_liquid_settings": "ignore_waterlogging",
        "location": "stellarity:chapel/decorations/lamp_2",
        "processors": "minecraft:empty"
      }
    },
    {
      "weight": 9,
      "element": {
        "element_type": "minecraft:single_pool_element",
        "projection": "rigid",
        "override_liquid_settings": "ignore_waterlogging",
        "location": "stellarity:chapel/decorations/lamp_3",
        "processors": "minecraft:empty"
      }
    },
    {
      "weight": 3,
      "element": {
        "element_type": "minecraft:single_pool_element",
        "projection": "rigid",
        "override_liquid_settings": "ignore_waterlogging",
        "location": "stellarity:chapel/decorations/rock_1",
        "processors": "minecraft:empty"
      }
    },
    {
      "weight": 2,
      "element": {
        "element_type": "minecraft:single_pool_element",
        "projection": "rigid",
        "override_liquid_settings": "ignore_waterlogging",
        "location": "stellarity:chapel/decorations/rock_2",
        "processors": "minecraft:empty"
      }
    },
    {
      "weight": 7,
      "element": {
        "element_type": "minecraft:single_pool_element",
        "projection": "rigid",
        "override_liquid_settings": "ignore_waterlogging",
        "location": "stellarity:chapel/decorations/fountain",
        "processors": "minecraft:empty"
      }
    },
    {
      "weight": 10,
      "element": {
        "element_type": "minecraft:single_pool_element",
        "projection": "rigid",
        "override_liquid_settings": "ignore_waterlogging",
        "location": "stellarity:chapel/decorations/pots_1",
        "processors": "minecraft:empty"
      }
    },
    {
      "weight": 10,
      "element": {
        "element_type": "minecraft:single_pool_element",
        "projection": "rigid",
        "override_liquid_settings": "ignore_waterlogging",
        "location": "stellarity:chapel/decorations/pots_2",
        "processors": "minecraft:empty"
      }
    },
    {
      "weight": 9,
      "element": {
        "element_type": "minecraft:single_pool_element",
        "projection": "rigid",
        "override_liquid_settings": "ignore_waterlogging",
        "location": "stellarity:chapel/decorations/pots_3",
        "processors": "minecraft:empty"
      }
    },
    {
      "weight": 9,
      "element": {
        "element_type": "minecraft:single_pool_element",
        "projection": "rigid",
        "override_liquid_settings": "ignore_waterlogging",
        "location": "stellarity:chapel/decorations/pots_4",
        "processors": "minecraft:empty"
      }
    }
  ]
}