{
  "fallback": "minecraft:empty",
  "elements": [
    {
      "weight": 1,
      "element": {
        "element_type": "minecraft:single_pool_element",
        "projection": "rigid",
        "override_liquid_settings": "ignore_waterlogging",
        "location": "stellarity:chapel/trees/1",
        "processors": "minecraft:empty"
      }
    },
    {
      "weight": 1,
      "element": {
        "element_type": "minecraft:single_pool_element",
        "projection": "rigid",
        "override_liquid_settings": "ignore_waterlogging",
        "location": "stellarity:chapel/trees/2",
        "processors": "minecraft:empty"
      }
    },
    {
      "weight": 1,
      "element": {
        "element_type": "minecraft:single_pool_element",
        "projection": "rigid",
        "override_liquid_settings": "ignore_waterlogging",
        "location": "stellarity:chapel/trees/3",
        "processors": "minecraft:empty"
      }
    },
    {
      "weight": 1,
      "element": {
        "element_type": "minecraft:single_pool_element",
        "projection": "rigid",
        "override_liquid_settings": "ignore_waterlogging",
        "location": "stellarity:chapel/trees/4",
        "processors": "minecraft:empty"
      }
    },
    {
      "weight": 1,
      "element": {
        "element_type": "minecraft:single_pool_element",
        "projection": "rigid",
        "override_liquid_settings": "ignore_waterlogging",
        "location": "stellarity:chapel/trees/5",
        "processors": "minecraft:empty"
      }
    },
    {
      "weight": 1,
      "element": {
        "element_type": "minecraft:single_pool_element",
        "projection": "rigid",
        "override_liquid_settings": "ignore_waterlogging",
        "location": "stellarity:chapel/trees/6",
        "processors": "minecraft:empty"
      }
    },
    {
      "weight": 1,
      "element": {
        "element_type": "minecraft:single_pool_element",
        "projection": "rigid",
        "override_liquid_settings": "ignore_waterlogging",
        "location": "stellarity:chapel/trees/7",
        "processors": "minecraft:empty"
      }
    },
    {
      "weight": 1,
      "element": {
        "element_type": "minecraft:single_pool_element",
        "projection": "rigid",
        "override_liquid_settings": "ignore_waterlogging",
        "location": "stellarity:chapel/trees/8",
        "processors": "minecraft:empty"
      }
    },
    {
      "weight": 1,
      "element": {
        "element_type": "minecraft:single_pool_element",
        "projection": "rigid",
        "override_liquid_settings": "ignore_waterlogging",
        "location": "stellarity:chapel/trees/9",
        "processors": "minecraft:empty"
      }
    },
    {
      "weight": 12,
      "element": {
        "element_type": "minecraft:empty_pool_element"
      }
    }
  ]
}