{
    "type": "minecraft:block_column",
    "config": {
      "direction": "down",
      "allowed_placement": {
        "type": "minecraft:matching_blocks",
        "blocks": [
          "minecraft:lava"
        ],
        "offset": [0,1,0]
      },
      "prioritize_tip": false,
      "layers": [
        {
          "height": 1,
          "provider": {
            "type": "minecraft:simple_state_provider",
            "state": {
              "Name": "minecraft:campfire",
              "Properties": {
                "lit": "true",
                "signal_fire": "true",
                "waterlogged": "false"
              }
            }
          }
        }
      ]
    }
  }