{
  "type": "minecraft:block_column",
  "config": {
    "direction": "down",
    "allowed_placement": {
      "type": "minecraft:matching_blocks",
      "blocks": "minecraft:air"
    },
    "prioritize_tip": true,
    "layers": [
      {
        "height": {
          "type": "minecraft:weighted_list",
          "distribution": [
            {
              "weight": 2,
              "data": {
                "type": "minecraft:uniform",
                "min_inclusive": 0,
                "max_inclusive": 19
              }
            },
            {
              "weight": 3,
              "data": {
                "type": "minecraft:uniform",
                "min_inclusive": 0,
                "max_inclusive": 2
              }
            },
            {
              "weight": 10,
              "data": {
                "type": "minecraft:uniform",
                "min_inclusive": 0,
                "max_inclusive": 6
              }
            }
          ]
        },
        "provider": {
          "type": "minecraft:weighted_state_provider",
          "entries": [
            {
              "weight": 4,
              "data": {
                "Name": "minecraft:weeping_vines_plant",
                "Properties": {}
              }
            },
            {
              "weight": 1,
              "data": {
                "Name": "minecraft:weeping_vines_plant",
                "Properties": {}
              }
            }
          ]
        }
      },
      {
        "height": 1,
        "provider": {
          "type": "minecraft:randomized_int_state_provider",
          "property": "age",
          "values": {
            "type": "minecraft:uniform",
            "min_inclusive": 23,
            "max_inclusive": 25
          },
          "source": {
            "type": "minecraft:weighted_state_provider",
            "entries": [
              {
                "weight": 4,
                "data": {
                  "Name": "minecraft:weeping_vines",
                  "Properties": {
                    "age": "0"
                  }
                }
              },
              {
                "weight": 1,
                "data": {
                  "Name": "minecraft:weeping_vines",
                  "Properties": {
                    "age": "0"
                  }
                }
              }
            ]
          }
        }
      }
    ]
  }
}
