{
  "feature": "infinity_cave:mushroom_gorge/floor",
  "placement": [
    {
      "type": "minecraft:count",
      "count": 30
    },
    {
      "type": "minecraft:count",
      "count": 120
    },
    {
      "type": "minecraft:in_square"
    },
    {
      "type": "minecraft:biome"
    },
    {
      "type": "minecraft:height_range",
      "height": {
        "type": "minecraft:uniform",
        "min_inclusive": {
          "above_bottom": -118
        },
        "max_inclusive": {
          "absolute": -115
        }
      }
    }
  ]
}