{
  "feature": "infinity_cave:mushroom_gorge/patch",
  "placement": [
    {
      "type": "minecraft:count",
      "count": 18
    },
    {
      "type": "minecraft:in_square"
    },
    {
      "type": "minecraft:biome"
    },
    {
      "type": "minecraft:random_offset",
      "xz_spread": 0,
      "y_spread": -1
    },
    {
      "type": "minecraft:height_range",
      "height": {
        "type": "minecraft:uniform",
        "min_inclusive": {
          "above_bottom": -102
        },
        "max_inclusive": {
          "absolute": -69
        }
      }
    }
  ]
}