{
    "feature": "infinity_cave:mushroom_gorge/side_shroom",
    "placement": [
      {
        "type": "minecraft:count_on_every_layer",
        "count": 10
      },
      {
        "type": "minecraft:block_predicate_filter",
        "predicate": {
          "type": "minecraft:all_of",
          "predicates": [
            {
              "type": "minecraft:matching_blocks",
              "offset": [
                0,
                1,
                0
              ],
              "blocks": [
                "minecraft:air",
                "minecraft:void_air",
                "minecraft:cave_air",
                "minecraft:light"
              ]
            },
            {
                "type": "minecraft:matching_blocks",
                "offset": [
                  0,
                  2,
                  0
                ],
                "blocks": [
                  "minecraft:air",
                  "minecraft:void_air",
                  "minecraft:cave_air",
                  "minecraft:light"
                ]
              },
              {
                "type": "minecraft:matching_blocks",
                "offset": [
                  0,
                  3,
                  0
                ],
                "blocks": [
                  "minecraft:air",
                  "minecraft:void_air",
                  "minecraft:cave_air",
                  "minecraft:light"
                ]
              },
              {
                "type": "minecraft:matching_blocks",
                "offset": [
                  0,
                  4,
                  0
                ],
                "blocks": [
                  "minecraft:air",
                  "minecraft:void_air",
                  "minecraft:cave_air",
                  "minecraft:light"
                ]
              },
              {
                "type": "minecraft:matching_blocks",
                "offset": [
                  0,
                  5,
                  0
                ],
                "blocks": [
                  "minecraft:air",
                  "minecraft:void_air",
                  "minecraft:cave_air",
                  "minecraft:light"
                ]
              },
              {
                "type": "minecraft:matching_blocks",
                "offset": [
                  0,
                  6,
                  0
                ],
                "blocks": [
                  "minecraft:air",
                  "minecraft:void_air",
                  "minecraft:cave_air",
                  "minecraft:light"
                ]
              },
              {
                "type": "minecraft:matching_blocks",
                "offset": [
                  0,
                  7,
                  0
                ],
                "blocks": [
                  "minecraft:air",
                  "minecraft:void_air",
                  "minecraft:cave_air",
                  "minecraft:light"
                ]
              },
              {
                "type": "minecraft:matching_blocks",
                "offset": [
                  0,
                  8,
                  0
                ],
                "blocks": [
                  "minecraft:air",
                  "minecraft:void_air",
                  "minecraft:cave_air",
                  "minecraft:light"
                ]
              },
              {
                "type": "minecraft:matching_blocks",
                "offset": [
                  0,
                  9,
                  0
                ],
                "blocks": [
                  "minecraft:air",
                  "minecraft:void_air",
                  "minecraft:cave_air",
                  "minecraft:light"
                ]
              },
              {
                "type": "minecraft:matching_blocks",
                "offset": [
                  0,
                  10,
                  0
                ],
                "blocks": [
                  "minecraft:air",
                  "minecraft:void_air",
                  "minecraft:cave_air",
                  "minecraft:light"
                ]
              },
              {
                "type": "any_of",
                "predicates": [
                  {
                    "type": "minecraft:matching_blocks",
                    "offset": [
                      0,
                      11,
                      0
                    ],
                    "blocks": [
                      "minecraft:stone",
                      "minecraft:andesite"
                    ]
                  },
                    {
                        "type": "solid",
                        "offset": [1,11,0]
                    },
                    {
                        "type": "solid",
                        "offset": [-1,11,0]
                    },
                    {
                        "type": "solid",
                        "offset": [0,11,1]
                    },
                    {
                        "type": "solid",
                        "offset": [0,11,-1]
                    }
                ]
              },
                            {
                "type": "any_of",
                "predicates": [
                  {
                    "type": "minecraft:matching_blocks",
                    "offset": [
                      0,
                      12,
                      0
                    ],
                    "blocks": [
                      "minecraft:stone",
                      "minecraft:andesite"
                    ]
                  },
                    {
                        "type": "solid",
                        "offset": [1,12,0]
                    },
                    {
                        "type": "solid",
                        "offset": [-1,12,0]
                    },
                    {
                        "type": "solid",
                        "offset": [0,12,1]
                    },
                    {
                        "type": "solid",
                        "offset": [0,12,-1]
                    }
                ]
              },
              {
                "type": "any_of",
                "predicates": [
                  {
                    "type": "minecraft:matching_blocks",
                    "offset": [
                      0,
                      13,
                      0
                    ],
                    "blocks": [
                      "minecraft:stone",
                      "minecraft:andesite"
                    ]
                  },
                    {
                        "type": "solid",
                        "offset": [1,13,0]
                    },
                    {
                        "type": "solid",
                        "offset": [-1,13,0]
                    },
                    {
                        "type": "solid",
                        "offset": [0,13,1]
                    },
                    {
                        "type": "solid",
                        "offset": [0,13,-1]
                    }
                ]
              },
              {
                "type": "any_of",
                "predicates": [
                  {
                    "type": "minecraft:matching_blocks",
                    "offset": [
                      0,
                      14,
                      0
                    ],
                    "blocks": [
                      "minecraft:stone",
                      "minecraft:andesite"
                    ]
                  },
                    {
                        "type": "solid",
                        "offset": [1,14,0]
                    },
                    {
                        "type": "solid",
                        "offset": [-1,14,0]
                    },
                    {
                        "type": "solid",
                        "offset": [0,14,1]
                    },
                    {
                        "type": "solid",
                        "offset": [0,14,-1]
                    }
                ]
              },
              {
                "type": "any_of",
                "predicates": [
                  {
                    "type": "minecraft:matching_blocks",
                    "offset": [
                      0,
                      15,
                      0
                    ],
                    "blocks": [
                      "minecraft:stone",
                      "minecraft:andesite"
                    ]
                  },
                    {
                        "type": "solid",
                        "offset": [1,15,0]
                    },
                    {
                        "type": "solid",
                        "offset": [-1,15,0]
                    },
                    {
                        "type": "solid",
                        "offset": [0,15,1]
                    },
                    {
                        "type": "solid",
                        "offset": [0,15,-1]
                    }
                ]
              }
          ]
        }
      },
      {
        "type": "minecraft:biome"
      }
    ]
  }
  