{
  "type": "minecraft:vegetation_patch",
  "config": {
    "surface": "floor",
    "depth": {
      "type": "minecraft:uniform",
        "min_inclusive": 1,
        "max_inclusive": 2
    },
    "vertical_range": 1,
    "extra_bottom_block_chance": 0.5,
    "extra_edge_column_chance": 0.5,
    "vegetation_chance": 0.9,
    "xz_radius": {
      "type": "minecraft:uniform",
        "min_inclusive": 8,
        "max_inclusive": 12
    },
    "replaceable": "#minecraft:base_stone_overworld",
    "ground_state": {
      "type": "minecraft:weighted_state_provider",
      "entries": [
        {
          "weight": 2,
          "data": {
            "Name": "minecraft:amethyst_block"
          }
        },
        {
          "weight": 1,
          "data": {
            "Name": "minecraft:deepslate",
            "Properties": {
              "axis": "y"
            }
          }
        }
      ]
    },
    "vegetation_feature": {
      "feature": {
        "type": "minecraft:simple_block",
        "config": {
          "to_place": {
            "type": "minecraft:weighted_state_provider",
            "entries": [
              {
                "weight": 1,
                "data": {
                  "Name": "minecraft:amethyst_cluster",
                  "Properties": {
                    "facing": "up",
                    "waterlogged": "false"
                  }
                }
              },
              {
                "weight": 6,
                "data": {
                  "Name": "minecraft:large_amethyst_bud",
                  "Properties": {
                    "facing": "up",
                    "waterlogged": "false"
                  }
                }
              },
              {
                "weight": 16,
                "data": {
                  "Name": "minecraft:medium_amethyst_bud",
                  "Properties": {
                    "facing": "up",
                    "waterlogged": "false"
                  }
                }
              },
              {
                "weight": 22,
                "data": {
                  "Name": "minecraft:small_amethyst_bud",
                  "Properties": {
                    "facing": "up",
                    "waterlogged": "false"
                  }
                }
              },
              {
                "weight": 5,
                "data": {
                  "Name": "minecraft:light",
                  "Properties": {
                    "level": "10",
                    "waterlogged": "false"
                  }
                }
              }
            ]
          }
        }
      },
      "placement": []
    }
  }
}
