{
  "feature": "stellarity:warped_marsh/dripping_water",
  "placement": [
    {
      "type": "minecraft:count",
      "count": 220
    },
    {
      "type": "minecraft:in_square"
    },
    {
      "type": "minecraft:height_range",
      "height": {
        "type": "minecraft:uniform",
        "min_inclusive": {
          "above_bottom": 0
        },
        "max_inclusive": {
          "below_top": 0
        }
      }
    },
    {
      "type": "minecraft:environment_scan",
      "direction_of_search": "down",
      "max_steps": 24,
      "target_condition": {
        "type": "minecraft:all_of",
        "predicates": [
          {
            "type": "minecraft:matching_blocks",
            "offset": [
              0,
              0,
              1
            ],
            "blocks": [
              "minecraft:end_stone"
            ]
          },
          {
            "type": "minecraft:matching_blocks",
            "offset": [
              0,
              0,
              -1
            ],
            "blocks": [
              "minecraft:end_stone"
            ]
          },
          {
            "type": "minecraft:matching_blocks",
            "offset": [
              1,
              0,
              0
            ],
            "blocks": [
              "minecraft:end_stone"
            ]
          },
          {
            "type": "minecraft:matching_blocks",
            "offset": [
              -1,
              0,
              0
            ],
            "blocks": [
              "minecraft:end_stone"
            ]
          },
          {
            "type": "minecraft:matching_blocks",
            "offset": [
              0,
              1,
              0
            ],
            "blocks": [
              "minecraft:end_stone"
            ]
          },
          {
            "type": "minecraft:matching_blocks",
            "offset": [
              0,
              -1,
              0
            ],
            "blocks": [
              "minecraft:end_stone"
            ]
          },
          {
            "type": "minecraft:matching_blocks",
            "offset": [
              0,
              -2,
              0
            ],
            "blocks": [
              "minecraft:air"
            ]
          }
        ]
      }
    },
    {
      "type": "minecraft:biome"
    }
  ]
}