{
  "feature": "stellarity:warped_marsh/froglight",
  "placement": [
    {
      "type": "minecraft:count",
      "count": {
        "type": "minecraft:uniform",
        "min_inclusive": 0,
        "max_inclusive": 6
      }
    },
    {
      "type": "minecraft:in_square"
    },
    {
      "type": "minecraft:height_range",
      "height": {
        "type": "minecraft:uniform",
        "min_inclusive": {
          "above_bottom": 40
        },
        "max_inclusive": {
          "below_top": 170
        }
      }
    },
    {
      "type": "minecraft:environment_scan",
      "direction_of_search": "up",
      "max_steps": 24,
      "target_condition": {
        "type": "minecraft:all_of",
        "predicates": [
          {
            "type": "minecraft:has_sturdy_face",
            "direction": "down"
          },
          {
            "type": "minecraft:matching_blocks",
            "blocks": [
              "minecraft:end_stone"
            ]
          }
        ]
      },
      "allowed_search_condition": {
        "type": "minecraft:matching_blocks",
        "blocks": [
          "minecraft:air"
        ]
      }
    },
    {
      "type": "minecraft:random_offset",
      "xz_spread": 0,
      "y_spread": -1
    },
    {
      "type": "minecraft:biome"
    }
  ]
}