{
  "criteria": {
    "requirement": {
      "trigger": "minecraft:using_item",
      "conditions": {
        "item": {
          "items": [
            "minecraft:bow"
          ],
          "predicates": {
            "minecraft:custom_data": {
              "infinity_cave": {
                "item": "icicle_crossbow"
              }
            }
          }
        }
      }
    }
  },
  "rewards": {
    "function": "infinity_cave:mechanics/weapons/sonic_bow/charge"
  }
}