{
  "display": {
    "icon": {
      "id": "minecraft:dragon_head"
    },
    "title": "M-Mom, Please Help Me...",
    "description": [
      {
        "text": "Kill your first Legendary mob!"
      }
    ],
    "frame": "goal",
    "show_toast": true,
    "announce_to_chat": true,
    "hidden": false
  },
  "parent": "infinity_cave:display/kills/epic",
  "criteria": {
    "requirement": {
      "trigger": "minecraft:player_killed_entity",
      "conditions": {
        "entity": [
          {
            "condition": "minecraft:entity_properties",
            "entity": "this",
            "predicate": {
              "team": "ic.mob_team",
              "equipment": {
                "chest": {
                  "items": [
                    "minecraft:netherite_chestplate"
                  ]
                }
              }
            }
          }
        ]
      }
    }
  }
}
