{
  "temperature": 0.8,
  "downfall": 0.9,
  "has_precipitation": false,
  "temperature_modifier": "none",
  "creature_spawn_probability": 0,
  "effects": {
    "sky_color": 0,
    "fog_color": 0,
    "water_color": 15068927,
    "water_fog_color": 12895439,
    "grass_color": 14606046,
    "foliage_color": 12763842,
    "ambient_sound": {
      "sound_id": "stellarity:ambient.the_end.dark"
    },
    "mood_sound": {
      "sound": "minecraft:ambient.basalt_deltas.mood",
      "tick_delay": 1250,
      "block_search_extent": 3,
      "offset": 2
    },
    "additions_sound": {
      "sound": "minecraft:ambient.crimson_forest.additions",
      "tick_chance": 0.0033
    },
    "particle": {
      "options": {
        "type": "white_ash"
      },
      "probability": 0.01
    }
  },
  "spawners": {
    "monster": [
      {
        "type": "minecraft:skeleton",
        "weight": 11,
        "minCount": 2,
        "maxCount": 2
      }
    ],
    "creature": [
      {
        "type": "illusioner",
        "maxCount": 4,
        "minCount": 1,
        "weight": 100
      }
    ]
  },
  "spawn_costs": {
    "skeleton": {
      "charge": 1,
      "energy_budget": 0.75
    }
  },
  "carvers": [],
  "features": [
    ["stellarity:global/stalactite"],
    [],
    [],
    [
      "stellarity:ashfall_deltas/aquatic/delta",
      "stellarity:ashfall_deltas/surface/grass_delta",
      "stellarity:ashfall_deltas/basalt_columns"
    ],
    [],
    [],
    [],
    [],
    [
      "stellarity:ashfall_deltas/vegetation/water/seagrass",
      "stellarity:ashfall_deltas/vegetation/land/trees",
      "stellarity:ashfall_deltas/vegetation",
      "stellarity:ashfall_deltas/grass"
    ],
    ["stellarity:ashfall_deltas/magma", "stellarity:ashfall_deltas/ash_pile"]
  ]
}
