{
  "temperature": 0.8,
  "downfall": 0.4,
  "has_precipitation": false,
  "temperature_modifier": "none",
  "creature_spawn_probability": 0,
  "effects": {
    "sky_color": 0,
    "fog_color": 0,
    "water_color": 4445678,
    "water_fog_color": 270131,
    "grass_color": 16699956,
    "foliage_color": 16699956,
    "ambient_sound": {
      "sound_id": "stellarity:ambient.the_end.dark"
    },
    "mood_sound": {
      "sound": "ambient.soul_sand_valley.mood",
      "tick_delay": 1000,
      "block_search_extent": 2,
      "offset": 1
    },
    "additions_sound": {
      "sound": "ambient.soul_sand_valley.additions",
      "tick_chance": 0.0111
    },
    "particle": {
      "options": {
        "type": "spore_blossom_air"
      },
      "probability": 0.0002
    }
  },
  "spawners": {
    "monster": [
      {
        "type": "minecraft:enderman",
        "weight": 60,
        "minCount": 4,
        "maxCount": 4
      },
      {
        "type": "minecraft:zombie",
        "weight": 30,
        "minCount": 4,
        "maxCount": 4
      },
      {
        "type": "minecraft:phantom",
        "weight": 10,
        "minCount": 2,
        "maxCount": 2
      }
    ],
    "creature": [
      {
        "type": "illusioner",
        "maxCount": 4,
        "minCount": 1,
        "weight": 100
      }
    ]
  },
  "spawn_costs": {
    "minecraft:enderman": {
      "charge": 0.7,
      "energy_budget": 1
    },
    "minecraft:zombie": {
      "charge": 0.7,
      "energy_budget": 1
    },
    "minecraft:phantom": {
      "energy_budget": 0.3,
      "charge": 1
    }
  },
  "carvers": [],
  "features": [
    [
      "stellarity:global/stalactite",
      "stellarity:end_wilds/dirt",
      "stellarity:end_wilds/roots"
    ],
    [],
    [],
    [],
    [],
    [],
    [],
    [],
    [
      "stellarity:end_wilds/single_tree",
      "stellarity:end_wilds/baobab_forest",
      "stellarity:end_wilds/chorus_plant",
      "stellarity:end_wilds/grass",
      "stellarity:end_wilds/large_bushes"
    ],
    ["stellarity:global/end_dungeon", "stellarity:global/fossil"]
  ]
}
