{
  "temperature": 0.8,
  "downfall": 0.4,
  "has_precipitation": false,
  "effects": {
    "sky_color": 7907327,
    "fog_color": 12638463,
    "water_color": 4445678,
    "water_fog_color": 270131,
    "grass_color": 9551690,
    "foliage_color": 7712284,
    "ambient_sound": {
      "sound_id": "stellarity:ambient.dark.calm"
    },
    "mood_sound": {
      "sound": "ambient.soul_sand_valley.mood",
      "tick_delay": 3000,
      "block_search_extent": 10,
      "offset": 100
    },
    "additions_sound": {
      "sound": "ambient.soul_sand_valley.additions",
      "tick_chance": 0.00111
    },
    "particle": {
      "options": {
        "type": "minecraft:white_ash"
      },
      "probability": 0.0011
    }
  },
  "spawners": {
    "monster": [
      {
        "type": "minecraft:enderman",
        "weight": 80,
        "minCount": 4,
        "maxCount": 4
      },
      {
        "type": "minecraft:zombie",
        "weight": 30,
        "minCount": 4,
        "maxCount": 4
      },
      {
        "type": "minecraft:skeleton",
        "weight": 15,
        "minCount": 4,
        "maxCount": 4
      }
    ]
  },
  "spawn_costs": {
    "minecraft:enderman": {
      "energy_budget": 0.3,
      "charge": 1
    },
    "minecraft:zombie": {
      "energy_budget": 0.14,
      "charge": 1
    },
    "minecraft:skeleton": {
      "energy_budget": 0.15,
      "charge": 1
    }
  },
  "carvers": [
    "stellarity:ravine",
    "stellarity:crack"
  ],
  "features": [
    [
      "stellarity:global/stalactite"
    ],
    [],
    [
      "stellarity:endless_dunes/oasis",
      "stellarity:endless_dunes/lake",
      "stellarity:endless_dunes/delta_sand_on_endstone"
    ],
    [],
    [],
    [],
    [],
    [],
    [],
    [
      "stellarity:endless_dunes/dead_bush",
      "stellarity:endless_dunes/chorus_plant",
      "stellarity:endless_dunes/rare_grass_patch"
    ],
    [
      "stellarity:global/end_dungeon",
      "stellarity:global/fossil"
    ]
  ]
}