{
  "temperature": 0.6,
  "downfall": 0.6,
  "has_precipitation": false,
  "effects": {
    "sky_color": 8103167,
    "fog_color": 12638463,
    "water_color": 15368447,
    "water_fog_color": 15034111,
    "grass_color": 6078719,
    "foliage_color": 5819646,
    "ambient_sound": {
      "sound_id": "stellarity:ambient.the_end.heavenly_blessed"
    },
    "mood_sound": {
      "sound": "ambient.soul_sand_valley.mood",
      "tick_delay": 900,
      "block_search_extent": 2,
      "offset": 2
    },
    "additions_sound": {
      "sound": "ambient.underwater.loop.additions.rare",
      "tick_chance": 0.00055
    },
    "particle": {
      "options": {
        "type": "minecraft:white_ash"
      },
      "probability": 0.002
    }
  },
  "spawners": {
    "monster": [
      {
        "type": "minecraft:vex",
        "weight": 20,
        "minCount": 1,
        "maxCount": 2
      }
    ]
  },
  "spawn_costs": {
    "minecraft:vex": {
      "energy_budget": 0.14,
      "charge": 1
    }
  },
  "carvers": [],
  "features": [
    ["stellarity:the_hallow/stalactite"],
    [
      "stellarity:the_hallow/crystals",
      "stellarity:the_hallow/crystals_amethyst"
    ],
    [
      "stellarity:prismatic_dunes/oasis",
      "stellarity:prismatic_dunes/lake",
      "stellarity:prismatic_dunes/delta_sand_on_diorite"
    ],
    [],
    [],
    [],
    [],
    [],
    [],
    [
      "stellarity:prismatic_dunes/amethyst",
      "stellarity:prismatic_dunes/prismatic_cacti",
      "stellarity:prismatic_dunes/rare_grass_patch"
    ],
    ["stellarity:global/fossil"]
  ]
}
