{
  "fallback": "minecraft:empty",
  "elements": [
    {
      "weight": 1,
      "element": {
        "element_type": "minecraft:feature_pool_element",
        "projection": "rigid",
        "feature": "minecraft:pile_hay"
      }
    },
    {
      "weight": 1,
      "element": {
        "element_type": "minecraft:feature_pool_element",
        "projection": "rigid",
        "feature": "minecraft:pile_melon"
      }
    },
    {
      "weight": 1,
      "element": {
        "element_type": "minecraft:feature_pool_element",
        "projection": "rigid",
        "feature": "minecraft:pile_melon"
      }
    }
  ]
}