{
  "feature": "infinity_cave:mushroom_gorge/red_mushroom/middle",
  "placement": [
    {
      "type": "minecraft:rarity_filter",
      "chance": 2
    },
    {
      "type": "minecraft:count_on_every_layer",
      "count": 3
    },
    {
      "type": "minecraft:block_predicate_filter",
      "predicate": {
        "type": "minecraft:all_of",
        "predicates": [
          {
            "type": "minecraft:replaceable"
          },
          {
            "type": "minecraft:matching_blocks",
            "offset": [
              0,
              0,
              0
            ],
            "blocks": [
              "minecraft:air",
              "minecraft:void_air",
              "minecraft:cave_air"
            ]
          },
          {
            "type": "minecraft:matching_blocks",
            "offset": [
              0,
              -1,
              0
            ],
            "blocks": [
              "minecraft:grass_block",
              "minecraft:andesite",
              "minecraft:stone"
            ]
          }
        ]
      }
    },
    {
      "type": "minecraft:biome"
    }
  ]
}
