{
  "display": {
    "icon": {
      "id": "minecraft:iron_block"
    },
    "title": "What Kind of Robot is This?",
    "description": [
      {
        "text": "Find loot in the Frozen Robot structure!"
      }
    ],
    "show_toast": true,
    "announce_to_chat": true,
    "hidden": false
  },
  "parent": "infinity_cave:display/root",
  "criteria": {
    "requirement": {
      "trigger": "minecraft:player_generates_container_loot",
      "conditions": {
        "loot_table": "infinity_cave:structures/frozen_robot"
      }
    }
  }
}
