{
  "feature": "stellarity:fiery_hills/delta_sand",
  "placement": [
    {
      "type": "minecraft:count_on_every_layer",
      "count": {
        "type": "minecraft:weighted_list",
        "distribution": [
          {
            "weight": 1,
            "data": 20
          },
          {
            "weight": 2,
            "data": {
              "type": "minecraft:uniform",
              "min_inclusive": 10,
              "max_inclusive": 15
            }
          },
          {
            "weight": 3,
            "data": 5
          }
        ]
      }
    },
    {
      "type": "minecraft:block_predicate_filter",
      "predicate": {
        "type": "minecraft:all_of",
        "predicates": [
          {
            "type": "minecraft:matching_blocks",
            "offset": [
              0,
              -1,
              0
            ],
            "blocks": [
              "minecraft:end_stone"
            ]
          }
        ]
      }
    },
    {
      "type": "minecraft:biome"
    }
  ]
}