{
    "display": {
      "icon": {
        "id": "minecraft:brush",
        "components": {
          "item_model": "infinity_cave:katana"
        }
      },
      "title": "Slicing Like Kartana!",
      "description": [
        {
          "text": "Dropped from a Rare Ninja and above\n\nObtain the Katana!"
        }
      ],
      "show_toast": true,
      "announce_to_chat": true,
      "hidden": false
    },
    "parent": "infinity_cave:display/deep_dark/ninja",
    "criteria": {
      "requirement": {
        "trigger": "minecraft:inventory_changed",
        "conditions": {
          "items": [
            {
              "items": [
                "minecraft:snowball"
              ],
            "predicates": {
              "minecraft:custom_data": {
                "infinity_cave": {
                  "item": "katana"
                }
              }
            }
            }
          ]
        }
      }
    }
  }
  