{
  "display": {
    "icon": {
      "id": "minecraft:music_disc_5",
      "components": {
        "item_model": "infinity_cave:light_orb"
      }
    },
    "title": "Is This a Light Stone?",
    "description": [
      {
        "text": "Obtain a Light Orb"
      }
    ],
    "show_toast": true,
    "announce_to_chat": true,
    "hidden": false
  },
  "parent": "infinity_cave:display/deep_dark/warden",
  "criteria": {
    "requirement": {
      "trigger": "minecraft:inventory_changed",
      "conditions": {
        "items": [
          {
            "items": [
              "minecraft:music_disc_11"
            ],
            "predicates": {
              "minecraft:custom_data": {
                "infinity_cave": {
                  "item": "light_orb"
                }
              }
            }
          }
        ]
      }
    }
  }
}