{
  "feature": "infinity_cave:generic/light/middle",
  "placement": [
    {
      "type": "minecraft:count",
      "count": 155
    },
    {
      "type": "in_square"
    },
    {
      "type": "height_range",
      "height": {
        "type": "minecraft:uniform",
        "min_inclusive": {
          "absolute": -120
        },
        "max_inclusive": {
          "absolute": -60
        }
      }
    },
    {
      "type": "minecraft:biome"
    },
    {
      "type": "minecraft:block_predicate_filter",
      "predicate": {
        "type": "minecraft:matching_blocks",
        "offset": [
          0,
          -1,
          0
        ],
        "blocks": [
          "minecraft:air"
        ]
      }
    }
  ]
}