{
    "type": "minecraft:crafting_shaped",
	"group": "af.frame",
    "category": "building",
    "pattern": [
        "yyy",
        "y y",
        "yyy"
    ],
    "key": {
        "y": "stick"
    },
    "result": {
        "id": "minecraft:leather_horse_armor",
        "count": 1,
        "components": {
            "!minecraft:equippable": {},
            "!minecraft:attribute_modifiers": {},
            "minecraft:tooltip_display": {
                "hidden_components": [
                    "minecraft:dyed_color"
                ]
            },
            "minecraft:tooltip_style": "minecraft:af_brown",
            "minecraft:consumable": {
                "consume_seconds": 1000000,
                "animation": "none",
                "sound": "block.wood.place",
                "has_consume_particles": false
            },
            "minecraft:item_name": "\"furniture\"",
            "minecraft:max_stack_size": 64,
            "minecraft:custom_name": [
                {"text":"Frame","color":"white","italic":false}
            ],
            "minecraft:lore": [
                {"text":"ᴡᴀʟʟ ɪᴛᴇᴍ","italic":false,"color":"gray"},
                {"text":"ᴅʏᴇᴀʙʟᴇ","italic":false,"color":"gold"},
				{"text":"ᴠᴀʀɪᴀɴᴛѕ","italic":false,"color":"yellow"}
            ],
            "minecraft:item_model": "minecraft:furniture/frame/frame",
            "minecraft:custom_data": "{variants: [\"minecraft:furniture/frame/frame_1x2\",\"minecraft:furniture/frame/frame_1x3\",\"minecraft:furniture/frame/frame_1x4\",\"minecraft:furniture/frame/frame_2x1\",\"minecraft:furniture/frame/frame_2x2\",\"minecraft:furniture/frame/frame_2x3\",\"minecraft:furniture/frame/frame_2x4\",\"minecraft:furniture/frame/frame_3x1\",\"minecraft:furniture/frame/frame_3x2\",\"minecraft:furniture/frame/frame_3x3\",\"minecraft:furniture/frame/frame_3x4\",\"minecraft:furniture/frame/frame_4x1\",\"minecraft:furniture/frame/frame_4x2\",\"minecraft:furniture/frame/frame_4x3\",\"minecraft:furniture/frame/frame_4x4\"], place_type: 1, translation: [1.0f, 1.25f, 0.0f], scale: [4.0f, 4.0f, 4.0f], interaction_height: 1.0f, interaction_width: 1.0f, interaction_translation_y: -0.5f, rotation_mode: \"4way\", custom_handling:\"variant\"}"
        }
    }
}