{
  "type": "minecraft:squeeze",
  "argument": {
    "type": "minecraft:mul",
    "argument1": 2,
    "argument2": {
      "type": "minecraft:cube",
      "argument": {
        "type": "minecraft:interpolated",
        "argument": {
          "type": "minecraft:add",
          "argument1": -0.234375,
          "argument2": {
            "type": "minecraft:mul",
            "argument1": {
              "type": "minecraft:y_clamped_gradient",
              "from_y": -180,
              "to_y": -150,
              "from_value": 0.05,
              "to_value": 0.4
            },
            "argument2": {
              "type": "minecraft:add",
              "argument1": 0.7,
              "argument2": {
                "type": "minecraft:add",
                "argument1": -23.3375,
                "argument2": {
                  "type": "minecraft:add",
                  "argument1": {
                    "type": "minecraft:y_clamped_gradient",
                    "from_y": -128,
                    "to_y": -118,
                    "from_value": 0.9,
                    "to_value": 0.25
                  },
                  "argument2": {
                    "type": "minecraft:add",
                    "argument1": 23.4875,
                    "argument2": {
                      "type": "minecraft:min",
                      "argument1": "minecraft:overworld/jaggedness",
                      "argument2": {
                        "type": "minecraft:range_choice",
                        "input": "minecraft:y",
                        "min_inclusive": -120,
                        "max_exclusive": -56,
                        "when_in_range": {
                          "type": "minecraft:add",
                          "argument1": {
                            "type": "minecraft:add",
                            "argument1": {
                              "type": "minecraft:shifted_noise",
                              "noise": "minecraft:aquifer_barrier",
                              "xz_scale": 0.25,
                              "y_scale": 0.04,
                              "shift_x": 0,
                              "shift_y": 0,
                              "shift_z": 0
                            },
                            "argument2": {
                              "type": "minecraft:y_clamped_gradient",
                              "from_y": -56,
                              "to_y": -46,
                              "from_value": 0.2,
                              "to_value": 0.4
                            }
                          },
                          "argument2": {
                            "type": "minecraft:add",
                            "argument1": {
                              "type": "minecraft:shifted_noise",
                              "noise": "minecraft:aquifer_barrier",
                              "xz_scale": -0.4,
                              "y_scale": -0.04,
                              "shift_x": -54,
                              "shift_y": 3,
                              "shift_z": 0
                            },
                            "argument2": {
                              "type": "minecraft:y_clamped_gradient",
                              "from_y": -128,
                              "to_y": -121,
                              "from_value": -1,
                              "to_value": -1.1
                            }
                          }
                        },
                        "when_out_of_range": 0
                      }
                    }
                  }
                }
              }
            }
          }
        }
      }
    }
  }
}