{
    "display": {
        "icon": {
            "id": "minecraft:arrow",
            "count": 1
        },
        "title": "Aim bot",
        "description": "Hit, Shoot or Attack a Training Dummy"
    },
    "parent": "silentcat_advancements:training_dummy/resource_pack",
    "criteria": {
        "hit": {
            "trigger": "minecraft:player_hurt_entity",
            "conditions": {
                "entity": {
                    "type": "minecraft:slime",
                    "nbt": "{Tags:[\"training_dummy\"]}"
                }
            }
        }
    },
    "requirements": [
        [
            "hit"
        ]
    ]
}