{
    "display": {
        "icon": {
            "id": "minecraft:sculk_sensor",
            "count": 1
        },
        "title": "Rogue Like                        ",
        "description": [
            [
                {
                    "color": "dark_gray",
                    "text": "[ "
                },
                {
                    "color": "gray",
                    "keybind": "key.sneak"
                },
                {
                    "color": "gray",
                    "text": " + "
                },
                {
                    "color": "gray",
                    "keybind": "key.attack"
                },
                {
                    "color": "dark_gray",
                    "text": " ] "
                },
                {
                    "color": "green",
                    "text": "on a Training Dummy to break"
                }
            ]
        ]
    },
    "parent": "silentcat_advancements:training_dummy/resource_pack",
    "criteria": {
        "break": {
            "trigger": "minecraft:impossible"
        }
    },
    "requirements": [
        [
            "break"
        ]
    ]
}