{
    "display": {
        "icon": {
            "id": "minecraft:jigsaw",
            "components": {},
            "count": 1
        },
        "title": "Resource Pack                     ",
        "description": [
            {
                "text": "Make sure to keep the Resource Pack for the DataPack\n",
                "color": "gold"
            },
            {
                "text": "\n",
                "color": "white"
            },
            {
                "text": "There shouldn't be a Missing Texture (Black and Magenta) Icon on any of the advancements\n",
                "color": "white"
            },
            {
                "text": "\n",
                "color": "white"
            },
            {
                "text": "Resource Pack version: ",
                "color": "dark_green"
            },
            {
                "text": "v1.1.1",
                "color": "green"
            },
            {
                "text": "\n",
                "color": "white"
            },
            {
                "text": "Game versions: ",
                "color": "dark_green"
            },
            {
                "text": "1.21.6+",
                "color": "green"
            },
            {
                "text": "\n",
                "color": "white"
            },
            {
                "text": "modrinth.com/datapack/training-dummy",
                "color": "dark_purple"
            }
        ],
        "frame": "goal",
        "show_toast": false,
        "announce_to_chat": false
    },
    "parent": "silentcat_advancements:training_dummy/root",
    "criteria": {
        "tick": {
            "trigger": "minecraft:tick"
        }
    }
}