{
  "display": {
    "icon": {
      "id": "minecraft:mace"
    },
    "title": "BONK! Did You Get Bonked?",
    "description": [
      {
        "text": "Kill a Bonk Diver mob!"
      }
    ],
    "show_toast": true,
    "announce_to_chat": true,
    "hidden": false
  },
  "parent": "infinity_cave:display/molten_caves/hell_hog",
  "criteria": {
    "requirement": {
      "trigger": "minecraft:player_killed_entity",
      "conditions": {
        "entity": [
          {
            "condition": "minecraft:entity_properties",
            "entity": "this",
            "predicate": {
              "type": "minecraft:piglin_brute",
              "team": "ic.mob_team",
              "equipment": {
                "chest": {
                  "items": "elytra"
                }
              }
            }
          }
        ]
      }
    }
  }
}
