{
  "display": {
    "icon": {
      "id": "minecraft:stone_sword",
      "components": {
        "item_model": "infinity_cave:fiery_sword"
      }
    },
    "title": "Great Balls of Fire",
    "description": [
      {
        "text": "Find a Fiery Sword"
      }
    ],
    "show_toast": true,
    "announce_to_chat": true,
    "hidden": false
  },
  "parent": "infinity_cave:display/molten_caves/fire_archer",
  "criteria": {
    "requirement": {
      "trigger": "minecraft:inventory_changed",
      "conditions": {
        "items": [
          {
            "items": [
              "minecraft:stone_sword"
            ],
            "predicates": {
              "minecraft:custom_data": {
                "infinity_cave": {
                  "item": "fiery_sword"
                }
              }
            }
          }
        ]
      }
    }
  }
}