{
    "display": {
      "icon": {
        "id": "minecraft:music_disc_5",
        "components": {
          "item_model": "infinity_cave:fireball"
        }
      },
      "title": "Fire With a Ball",
      "description": [
        {
          "text": "Obtain a Fireball"
        }
      ],
      "show_toast": true,
      "announce_to_chat": true,
      "hidden": false
    },
    "parent": "infinity_cave:display/molten_caves/fire_archer",
    "criteria": {
      "requirement": {
        "trigger": "minecraft:inventory_changed",
        "conditions": {
          "items": [
            {
              "items": [
                "minecraft:music_disc_5"
              ],
              "components": {
                "minecraft:custom_data": {
                  "rc": "fireball",
                  "ic": "rc"
                }
              }
            }
          ]
        }
      }
    }
  }
  