{
    "display": {
      "icon": {
        "id": "minecraft:brush",
        "components": {
          "item_model": "infinity_cave:fire_bow"
        }
      },
      "title": "FIRE IN DA HOLE!",
      "description": [
        {
          "text": "Dropped from a Legendary Fire Archer"
        }
      ],
      "show_toast": true,
      "announce_to_chat": true,
      "hidden": false
    },
    "parent": "infinity_cave:display/molten_caves/fire_archer",
    "criteria": {
      "requirement": {
        "trigger": "minecraft:inventory_changed",
        "conditions": {
          "items": [
            {
              "items": [
                "minecraft:bow"
              ],
            "predicates": {
              "minecraft:custom_data": {
                "infinity_cave": {
                  "item": "fire_spin"
                }
              }
            }
            }
          ]
        }
      }
    }
  }
  