{
  "display": {
    "icon": {
      "id": "minecraft:stone_axe",
      "components": {
        "item_model": "infinity_cave:limestone_sword"
      }
    },
    "title": "Rock and Roll!",
    "description": [
      {
        "text": "Find a Limestone Sword"
      }
    ],
    "show_toast": true,
    "announce_to_chat": true,
    "hidden": false
  },
  "parent": "infinity_cave:display/limestone_grotto/sniper",
  "criteria": {
    "requirement": {
      "trigger": "minecraft:inventory_changed",
      "conditions": {
        "items": [
          {
            "items": [
              "minecraft:snowball"
            ],
            "predicates": {
              "minecraft:custom_data": {
                "infinity_cave": {
                  "item": "limestone_sword"
                }
              }
            }
          }
        ]
      }
    }
  }
}