{
  "display": {
    "icon": {
      "id": "minecraft:prismarine"
    },
    "title": "a Sniper, a Ghost, and a Warrior",
    "description": [
      {
        "text": "Kill a Sniper mob!"
      }
    ],
    "show_toast": true,
    "announce_to_chat": true,
    "hidden": false
  },
  "parent": "infinity_cave:display/limestone_grotto/limestone_houses",
  "criteria": {
    "requirement": {
      "trigger": "minecraft:player_killed_entity",
      "conditions": {
        "entity": [
          {
            "condition": "minecraft:entity_properties",
            "entity": "this",
            "predicate": {
              "type": "minecraft:zombie",
              "team": "ic.mob_team",
              "passenger": {
                "type": "armor_stand"
              },
              "equipment": {
                "chest": {
                  "items": "#minecraft:trimmable_armor"
                }
              }
            }
          }
        ]
      }
    }
  }
}
