{
  "display": {
    "icon": {
      "id": "minecraft:goat_horn"
    },
    "title": "Call Your Happy Ghast                                                                                                                  ",
    "description": [
      "",
      {
        "text": "Easily call your happy ghast from anywhere\n",
        "color": "white"
      },
      {
        "text": "\n",
        "color": "yellow"
      },
      {
        "text": "Datapack version: ",
        "color": "dark_green"
      },
      {
        "text": "v1.0.2",
        "color": "green"
      },
      {
        "text": "\n",
        "color": "green"
      },
      {
        "text": "Game version: ",
        "color": "dark_green"
      },
      {
        "text": "1.21.6+",
        "color": "green"
      },
      {
        "text": "\n",
        "color": "green"
      },
      {
        "text": "\n",
        "color": "green"
      },
      {
        "text": "modrinth.com/datapack/call-your-happy_ghast",
        "color": "dark_purple"
      }
    ],
    "frame": "task",
    "show_toast": false,
    "announce_to_chat": false
  },
  "parent": "jodek:utility",
  "criteria": {
    "tick": {
      "trigger": "minecraft:tick"
    }
  }
}
