{
  "type": "minecraft:tree",
  "config": {
    "ignore_vines": true,
    "force_dirt": true,
    "minimum_size": {
      "type": "minecraft:three_layers_feature_size",
      "min_clipped_height": 10,
      "limit": 13,
      "upper_limit": 15,
      "lower_size": 8,
      "middle_size": 10,
      "upper_size": 13
    },
    "dirt_provider": {
      "type": "minecraft:simple_state_provider",
      "state": {
        "Name": "minecraft:crimson_hyphae"
      }
    },
    "trunk_provider": {
      "type": "minecraft:simple_state_provider",
      "state": {
        "Name": "minecraft:crimson_hyphae"
      }
    },
    "foliage_provider": {
      "type": "minecraft:weighted_state_provider",
      "entries": [
        {
          "weight": 1,
          "data": {
            "Name": "minecraft:nether_wart_block"
          }
        }
      ]
    },
    "trunk_placer": {
      "type": "minecraft:dark_oak_trunk_placer",
      "base_height": 8,
      "height_rand_a": 9,
      "height_rand_b": 7
    },
    "foliage_placer": {
      "type": "minecraft:acacia_foliage_placer",
      "radius": {
        "type": "minecraft:uniform",
        "min_inclusive": 3,
        "max_inclusive": 4
      },
      "offset": 1
    },
    "decorators": [
      {
        "type": "minecraft:attached_to_leaves",
        "probability": 0.025,
        "exclusion_radius_xz": 0,
        "exclusion_radius_y": 0,
        "required_empty_blocks": 1,
        "block_provider": {
          "type": "minecraft:simple_state_provider",
          "state": {
            "Name": "minecraft:shroomlight"
          }
        },
        "directions": [
          "down"
        ]
      },
      {
        "type": "minecraft:trunk_vine"
      },
      {
        "type": "minecraft:attached_to_leaves",
        "probability": 0.075,
        "exclusion_radius_xz": 0,
        "exclusion_radius_y": 4,
        "required_empty_blocks": 1,
        "block_provider": {
          "type": "minecraft:weighted_state_provider",
          "entries": [
            {
              "weight": 3,
              "data": {
                "Name": "minecraft:weeping_vines",
                "Properties": {
                  "age": "8"
                }
              }
            },
            {
              "weight": 2,
              "data": {
                "Name": "minecraft:weeping_vines",
                "Properties": {
                  "age": "16"
                }
              }
            },
            {
              "weight": 4,
              "data": {
                "Name": "minecraft:weeping_vines",
                "Properties": {
                  "age": "1"
                }
              }
            },
            {
              "weight": 1,
              "data": {
                "Name": "minecraft:weeping_vines",
                "Properties": {
                  "age": "25"
                }
              }
            }
          ]
        },
        "directions": [
          "down"
        ]
      }
    ]
  }
}