{
  "type": "minecraft:tree",
  "config": {
    "ignore_vines": true,
    "force_dirt": true,
    "minimum_size": {
      "type": "minecraft:three_layers_feature_size",
      "min_clipped_height": 5,
      "limit": 7,
      "upper_limit": 6,
      "lower_size": 5,
      "middle_size": 7,
      "upper_size": 8
    },
    "dirt_provider": {
      "type": "minecraft:simple_state_provider",
      "state": {
        "Name": "minecraft:crimson_hyphae"
      }
    },
    "trunk_provider": {
      "type": "minecraft:simple_state_provider",
      "state": {
        "Name": "minecraft:crimson_hyphae"
      }
    },
    "foliage_provider": {
      "type": "minecraft:weighted_state_provider",
      "entries": [
        {
          "weight": 1,
          "data": {
            "Name": "minecraft:nether_wart_block"
          }
        }
      ]
    },
    "trunk_placer": {
      "type": "minecraft:cherry_trunk_placer",
      "base_height": 4,
      "height_rand_a": 6,
      "height_rand_b": 5,
      "branch_count": {
        "type": "minecraft:uniform",
        "min_inclusive": 1,
        "max_inclusive": 3
      },
      "branch_horizontal_length": 2,
      "branch_start_offset_from_top": {
        "min_inclusive": -4,
        "max_inclusive": -2
      },
      "branch_end_offset_from_top": {
        "type": "minecraft:uniform",
        "min_inclusive": 1,
        "max_inclusive": 1
      }
    },
    "foliage_placer": {
      "type": "minecraft:acacia_foliage_placer",
      "radius": {
        "type": "minecraft:uniform",
        "min_inclusive": 3,
        "max_inclusive": 4
      },
      "offset": 0
    },
    "decorators": [
      {
        "type": "minecraft:attached_to_leaves",
        "probability": 0.025,
        "exclusion_radius_xz": 0,
        "exclusion_radius_y": 0,
        "required_empty_blocks": 1,
        "block_provider": {
          "type": "minecraft:simple_state_provider",
          "state": {
            "Name": "minecraft:shroomlight"
          }
        },
        "directions": [
          "down"
        ]
      },
      {
        "type": "minecraft:trunk_vine"
      }
    ]
  }
}