{
  "type": "cache_2d",
  "argument": {
    "type": "cube",
    "argument": {
      "type": "add",
      "argument1": {
        "type": "interpolated",
        "argument": {
          "type": "range_choice",
          "input": "minecraft:overworld/erosion",
          "min_inclusive": -0.828,
          "max_exclusive": -0.832,
          "when_in_range": {
            "type": "minecraft:y_clamped_gradient",
            "from_y": -128,
            "to_y": -56,
            "from_value": 0.1,
            "to_value": 1
          },
          "when_out_of_range": 0
        }
      },
      "argument2": {
        "type": "add",
        "argument1": {
          "type": "interpolated",
          "argument": {
            "type": "range_choice",
            "input": "minecraft:overworld/erosion",
            "min_inclusive": -0.751,
            "max_exclusive": -0.747,
            "when_in_range": {
              "type": "minecraft:y_clamped_gradient",
              "from_y": -128,
              "to_y": -56,
              "from_value": 0.1,
              "to_value": 1
            },
            "when_out_of_range": 0
          }
        },
        "argument2": {
          "type": "add",
          "argument1": {
            "type": "interpolated",
            "argument": {
              "type": "range_choice",
              "input": "minecraft:overworld/erosion",
              "min_inclusive": -0.501,
              "max_exclusive": -0.498,
              "when_in_range": 1,
              "when_out_of_range": 0
            }
          },
          "argument2": {
            "type": "add",
            "argument1": {
              "type": "interpolated",
              "argument": {
                "type": "range_choice",
                "input": "minecraft:overworld/erosion",
                "min_inclusive": -0.23,
                "max_exclusive": -0.215,
                "when_in_range": {
                  "type": "minecraft:add",
                  "argument1": {
                    "type": "minecraft:mul",
                    "argument1": {
                      "type": "minecraft:abs",
                      "argument": {
                        "type": "minecraft:y_clamped_gradient",
                        "from_y": -180,
                        "to_y": -30,
                        "from_value": -1,
                        "to_value": 1
                      }
                    },
                    "argument2": -1.5
                  },
                  "argument2": {
                    "type": "minecraft:mul",
                    "argument1": {
                      "type": "minecraft:y_clamped_gradient",
                      "from_y": -150,
                      "to_y": 100,
                      "from_value": 0.75,
                      "to_value": 1
                    },
                    "argument2": {
                      "type": "minecraft:y_clamped_gradient",
                      "from_y": -100,
                      "to_y": 100,
                      "from_value": 0.75,
                      "to_value": 1
                    }
                  }
                },
                "when_out_of_range": 0
              }
            },
            "argument2": {
              "type": "add",
              "argument1": {
                "type": "interpolated",
                "argument": {
                  "type": "range_choice",
                  "input": "minecraft:overworld/erosion",
                  "min_inclusive": 0.039,
                  "max_exclusive": 0.044,
                  "when_in_range": {
                    "type": "minecraft:y_clamped_gradient",
                    "from_y": -128,
                    "to_y": -56,
                    "from_value": 0.1,
                    "to_value": 1
                  },
                  "when_out_of_range": 0
                }
              },
              "argument2": {
                "type": "interpolated",
                "argument": {
                  "type": "range_choice",
                  "input": "minecraft:overworld/erosion",
                  "min_inclusive": 0.4501,
                  "max_exclusive": 0.4575,
                  "when_in_range": {
                    "type": "minecraft:y_clamped_gradient",
                    "from_y": -128,
                    "to_y": -56,
                    "from_value": 0.1,
                    "to_value": 1
                  },
                  "when_out_of_range": 0
                }
              }
            }
          }
        }
      }
    }
  }
}