{
    "type": "minecraft:crafting_shaped",
	"group": "af.rug.rug_decorated",
    "category": "building",
    "pattern": [
        "xyx",
        "xyx"
    ],
    "key": {
        "x": "minecraft:string",
        "y": "minecraft:white_wool"
    },
    "result": {
        "id": "minecraft:leather_horse_armor",
        "count": 1,
        "components": {
            "!minecraft:equippable": {},
            "!minecraft:attribute_modifiers": {},
            "minecraft:tooltip_display": {
                "hidden_components": [
                    "minecraft:dyed_color"
                ]
            },
            "minecraft:tooltip_style": "minecraft:af_brown",
            "minecraft:consumable": {
                "consume_seconds": 1000000,
                "animation": "none",
                "sound": "block.wood.place",
                "has_consume_particles": false
            },
            "minecraft:item_name": "\"furniture\"",
            "minecraft:max_stack_size": 64,
            "minecraft:custom_name": [
                {"text":"White Decorated Rug","color":"white","italic":false}
            ],
            "minecraft:lore": [
                {"text":"ꜰʟᴏᴏʀ ɪᴛᴇᴍ","italic":false,"color":"gray"},
                {"text":"ᴅʏᴇᴀʙʟᴇ","italic":false,"color":"gold"},
                {"text":"ᴠᴀʀɪᴀɴᴛѕ","italic":false,"color":"yellow"}
            ],
            "minecraft:item_model": "minecraft:furniture/rug/white_rug_decorated_0",
            "minecraft:custom_data": "{variants: [\"minecraft:furniture/rug/white_rug_decorated_1\",\"minecraft:furniture/rug/white_rug_decorated_2\",\"minecraft:furniture/rug/white_rug_decorated_3\"], place_type: 0, translation: [0.0f, 0.5f, 0.0f], scale: [1.0f, 1.0f, 1.0f], interaction_height: 0.1f, interaction_width: 1.25f, interaction_translation_y: 0f, rotation_mode: \"free\", custom_handling:\"variant\"}"
        }
    }
}