{
  "display": {
    "icon": {
      "id": "minecraft:snowball",
      "components": {
        "item_model": "infinity_cave:amethyst_charge_empty"
      }
    },
    "title": "I Am Empty Inside",
    "description": [
      {
        "text": "Obtain an Empty Amethyst Charge"
      }
    ],
    "show_toast": true,
    "announce_to_chat": true,
    "hidden": false
  },
  "parent": "infinity_cave:display/amethyst_caves/amethyst_geode",
  "criteria": {
    "requirement": {
      "trigger": "minecraft:inventory_changed",
      "conditions": {
        "items": [
          {
            "items": [
              "minecraft:snowball"
            ],
            "predicates": {
              "minecraft:custom_data": {
                "infinity_cave": {
                  "item": "amethyst_charge"
                }
              }
            }
          }
        ]
      }
    }
  }
}
