{
  "display": {
    "icon": {
      "id": "minecraft:cherry_door",
      "components": {
        "item_model": "infinity_cave:chemical_bomb"
      }
    },
    "title": "I Always Hated Chemistry Class...",
    "description": [
      {
        "text": "Kill a Chemist mob!"
      }
    ],
    "show_toast": true,
    "announce_to_chat": true,
    "hidden": false
  },
  "parent": "infinity_cave:display/amethyst_caves/amethyst_altar",
  "criteria": {
    "requirement": {
      "trigger": "minecraft:player_killed_entity",
      "conditions": {
        "entity": [
          {
            "condition": "minecraft:entity_properties",
            "entity": "this",
            "predicate": {
              "type": "minecraft:witch",
              "team": "ic.mob_team",
              "equipment": {
                "chest": {
                  "items": "#minecraft:trimmable_armor"
                }
              }
            }
          }
        ]
      }
    }
  }
}
