{
  "display": {
    "icon": {
      "id": "minecraft:music_disc_5",
      "components": {
        "item_model": "infinity_cave:magic_spyglass"
      }
    },
    "title": "Health Inspection",
    "description": [
      {
        "text": "Find a Magic Spyglass"
      }
    ],
    "show_toast": true,
    "announce_to_chat": true,
    "hidden": false
  },
  "parent": "infinity_cave:display/amethyst_caves/amethyst_geode",
  "criteria": {
    "requirement": {
      "trigger": "minecraft:inventory_changed",
      "conditions": {
        "items": [
          {
            "items": [
              "minecraft:spyglass"
            ],
            "predicates": {
              "minecraft:custom_data": {
                "infinity_cave": {
                  "item": "magic_spyglass"
                }
              }
            }
          }
        ]
      }
    }
  }
}