{
  "type": "minecraft:squeeze",
  "argument": {
    "type": "minecraft:mul",
    "argument1": 2,
    "argument2": {
      "type": "minecraft:cube",
      "argument": {
        "type": "minecraft:interpolated",
        "argument": {
          "type": "minecraft:add",
          "argument1": -0.234375,
          "argument2": {
            "type": "minecraft:mul",
            "argument1": {
              "type": "minecraft:y_clamped_gradient",
              "from_y": -180,
              "to_y": -150,
              "from_value": 0.05,
              "to_value": 0.4
            },
            "argument2": {
              "type": "minecraft:add",
              "argument1": 1.05,
              "argument2": {
                "type": "minecraft:add",
                "argument1": -23.3375,
                "argument2": {
                  "type": "minecraft:mul",
                  "argument1": {
                    "type": "minecraft:y_clamped_gradient",
                    "from_y": 42,
                    "to_y": 45,
                    "from_value": 1,
                    "to_value": 0.97
                  },
                  "argument2": {
                    "type": "minecraft:add",
                    "argument1": 23.4875,
                    "argument2": {
                      "type": "minecraft:min",
                      "argument1": "minecraft:overworld/jaggedness",
                      "argument2": {
                        "type": "minecraft:range_choice",
                        "input": "minecraft:y",
                        "min_inclusive": -119,
                        "max_exclusive": -56,
                        "when_in_range": {
                          "type": "minecraft:add",
                          "argument1": {
                            "type": "minecraft:min",
                            "argument1": {
                              "type": "minecraft:noise",
                              "noise": "minecraft:pillar",
                              "xz_scale": 5,
                              "y_scale": -5
                            },
                            "argument2": {
                              "type": "minecraft:cube",
                              "argument": -0.85
                            }
                          },
                          "argument2": {
                            "type": "minecraft:add",
                            "argument1": {
                              "type": "minecraft:shifted_noise",
                              "noise": "minecraft:pillar_thickness",
                              "xz_scale": 6,
                              "y_scale": -1,
                              "shift_x": 0,
                              "shift_y": 10,
                              "shift_z": 0
                            },
                            "argument2": {
                              "type": "minecraft:y_clamped_gradient",
                              "from_y": -118,
                              "to_y": -56,
                              "from_value": 0.2,
                              "to_value": -0.15
                            }
                          }
                        },
                        "when_out_of_range": 0
                      }
                    }
                  }
                }
              }
            }
          }
        }
      }
    }
  }
}