[
  {
    "function": "minecraft:enchant_with_levels",
                "options": "#infinity_cave:valid",
    "levels": 22,
    "conditions": [
      {
        "condition": "minecraft:entity_properties",
        "entity": "this",
        "predicate": {
          "equipment": {
            "offhand": {
              "items": [
                "minecraft:mace"
              ]
            }
          }
        }
      }
    ]
  },
  {
    "function": "minecraft:set_enchantments",
    "enchantments": {
      "luck_of_the_sea": {
        "min": 1,
        "max": 4
      },
      "minecraft:lure": {
        "min": 1,
        "max": 4
      },
      "infinity_cave:durable": {
        "min": 0,
        "max": 1
      },
      "minecraft:unbreaking": {
        "min": 1,
        "max": 4
      },
      "minecraft:mending": 1
    },
    "conditions": [
      {
        "condition": "minecraft:entity_properties",
        "entity": "this",
        "predicate": {
          "equipment": {
            "offhand": {
              "items": [
                "minecraft:fishing_rod"
              ]
            }
          }
        }
      }
    ]
  },
  {
    "function": "minecraft:set_enchantments",
    "enchantments": {
      "infinity_cave:durable": {
        "min": 1,
        "max": 1
      },
      "minecraft:unbreaking": {
        "min": 2,
        "max": 5
      }
    },
    "conditions": [
      {
        "condition": "minecraft:entity_properties",
        "entity": "this",
        "predicate": {
          "equipment": {
            "offhand": {
              "items": [
                "minecraft:shield"
              ]
            }
          }
        }
      }
    ]
  },
  {
    "function": "minecraft:enchant_with_levels",
                "options": "#infinity_cave:valid",
    "levels": 26,
    "conditions": [
      {
        "condition": "minecraft:entity_properties",
        "entity": "this",
        "predicate": {
          "equipment": {
            "offhand": {
              "items": [
                "minecraft:book"
              ],
              "count": 1
            }
          }
        }
      }
    ]
  },
  {
    "function": "minecraft:enchant_with_levels",
                "options": "#infinity_cave:valid",
    "levels": 20,
    "conditions": [
      {
        "condition": "minecraft:entity_properties",
        "entity": "this",
        "predicate": {
          "equipment": {
            "offhand": {
              "items": "#minecraft:trimmable_armor"
            }
          }
        }
      }
    ]
  },
  {
    "function": "minecraft:set_enchantments",
    "enchantments": {
      "minecraft:protection": {
        "min": 2,
        "max": 4
      },
      "minecraft:unbreaking": {
        "min": 2,
        "max": 4
      }
    },
    "conditions": [
      {
        "condition": "minecraft:entity_properties",
        "entity": "this",
        "predicate": {
          "equipment": {
            "offhand": {
              "items": "#minecraft:trimmable_armor"
            }
          }
        }
      }
    ]
  },
  {
    "function": "minecraft:enchant_with_levels",
                "options": "#infinity_cave:valid",
    "levels": 20,
    "conditions": [
      {
        "condition": "minecraft:entity_properties",
        "entity": "this",
        "predicate": {
          "equipment": {
            "offhand": {
              "items": "minecraft:bow"
            }
          }
        }
      }
    ]
  },
  {
    "function": "minecraft:set_enchantments",
    "enchantments": {
      "minecraft:power": {
        "min": 3,
        "max": 5
      },
      "minecraft:infinity": {
        "min": 0,
        "max": 1
      },
      "minecraft:unbreaking": {
        "min": 2,
        "max": 4
      }
    },
    "conditions": [
      {
        "condition": "minecraft:entity_properties",
        "entity": "this",
        "predicate": {
          "equipment": {
            "offhand": {
              "items": [
                "minecraft:bow"
              ]
            }
          }
        }
      }
    ]
  },
  {
    "function": "minecraft:enchant_with_levels",
                "options": "#infinity_cave:valid",
    "levels": 20,
    "conditions": [
      {
        "condition": "minecraft:entity_properties",
        "entity": "this",
        "predicate": {
          "equipment": {
            "offhand": {
              "items": "minecraft:crossbow"
            }
          }
        }
      }
    ]
  },
  {
    "function": "minecraft:set_enchantments",
    "enchantments": {
      "minecraft:quick_charge": {
        "min": 1,
        "max": 3
      },
      "minecraft:unbreaking": {
        "min": 2,
        "max": 4
      }
    },
    "conditions": [
      {
        "condition": "minecraft:entity_properties",
        "entity": "this",
        "predicate": {
          "equipment": {
            "offhand": {
              "items": [
                "minecraft:crossbow"
              ]
            }
          }
        }
      }
    ]
  },
  {
    "function": "minecraft:enchant_with_levels",
                "options": "#infinity_cave:valid",
    "levels": 20,
    "conditions": [
      {
        "condition": "minecraft:entity_properties",
        "entity": "this",
        "predicate": {
          "equipment": {
            "offhand": {
              "items": "#infinity_cave:sharpness"
            }
          }
        }
      }
    ]
  },
  {
    "function": "minecraft:set_enchantments",
    "enchantments": {
      "minecraft:sharpness": {
        "min": 3,
        "max": 5
      },
      "minecraft:looting": {
        "min": 1,
        "max": {
          "min": 1,
          "max": {
            "min": 2,
            "max": 3
          }
        }
      },
      "minecraft:smite": {
        "min": 0,
        "max": {
          "min": 0,
          "max": {
            "min": 1,
            "max": 3
          }
        }
      },
      "minecraft:unbreaking": {
        "min": 2,
        "max": 4
      }
    },
    "conditions": [
      {
        "condition": "minecraft:entity_properties",
        "entity": "this",
        "predicate": {
          "equipment": {
            "offhand": {
              "items": "#infinity_cave:sharpness"
            }
          }
        }
      }
    ]
  },
  {
    "function": "minecraft:enchant_with_levels",
                "options": "#infinity_cave:valid",
    "levels": 20,
    "conditions": [
      {
        "condition": "minecraft:entity_properties",
        "entity": "this",
        "predicate": {
          "equipment": {
            "offhand": {
              "items": "#infinity_cave:tools"
            }
          }
        }
      }
    ]
  },
  {
    "function": "minecraft:set_enchantments",
    "enchantments": {
      "minecraft:efficiency": {
        "min": 2,
        "max": 5
      },
      "minecraft:unbreaking": {
        "min": 2,
        "max": 4
      }
    },
    "conditions": [
      {
        "condition": "minecraft:entity_properties",
        "entity": "this",
        "predicate": {
          "equipment": {
            "offhand": {
              "items": "#infinity_cave:tools"
            }
          }
        }
      }
    ]
  }
]