{
    "type": "minecraft:crafting_shapeless",
    "category": "misc",
    "ingredients": [
      "minecraft:experience_bottle",
      "minecraft:nether_star",
      "minecraft:lapis_lazuli",
      "minecraft:writable_book"
    ],
    "result": {
        "id": "minecraft:command_block",
        "count": 1,
        "components": {
            "minecraft:rarity": "epic",
            "minecraft:enchantment_glint_override": true,
            "minecraft:custom_data": {
              "experience_book": true
            },
            "minecraft:consumable": {
              "consume_seconds": 0.05,
              "animation": "none",
              "sound": "minecraft:block.enchantment_table.use",
              "has_consume_particles": false
            },
            "minecraft:use_cooldown": {
              "seconds": 1,
              "cooldown_group": "experience_book:cooldown"
            },
            "minecraft:max_stack_size": 1,
            "minecraft:item_model": "minecraft:enchanted_book",
            "minecraft:custom_name": {
              "text": "Experience Book",
              "italic": false
            },
            "minecraft:lore": [
              {
                "text": "Store and restore your experience points",
                "italic": false,
                "color": "gray"
              }
            ]
        }
    }
}