{
  "type": "minecraft:crafting_shaped",
  "category": "equipment",
  "key": {
    "W": "#minecraft:wooden_tool_materials",
    "o": [
      "stick"
    ]
  },
  "pattern": [
    "WoW",
    "WWW",
    " W "
  ],
  "result": {
    "components": {
      "minecraft:blocks_attacks": {
        "block_delay_seconds": 0.25,
        "block_sound": "minecraft:item.shield.block",
        "bypassed_by": "#minecraft:bypasses_shield",
        "disabled_sound": "minecraft:item.shield.break",
        "damage_reductions": [
          {
            "base": 5,
            "factor": 0
          }
        ]
      },
      "minecraft:max_damage": 250,
      "minecraft:custom_data": {
        "adjusted": 1
      }
    },
    "count": 1,
    "id": "minecraft:shield"
  }
}