{
    "pools": [
        {
            "rolls": 1,
            "entries": [
                {
                    "type": "minecraft:item",
                    "name": "minecraft:leather_horse_armor"
                }
            ],
            "functions": [
                {
                    "function": "minecraft:set_components",
                    "components": {
                        "!minecraft:equippable": {},
                        "!minecraft:attribute_modifiers": {},
                        "minecraft:tooltip_display": {
                            "hidden_components": [
                                "minecraft:dyed_color"
                            ]
                        },
                        "minecraft:tooltip_style": "minecraft:af_brown",
                        "minecraft:consumable": {
                            "consume_seconds": 1000000,
                            "animation": "none",
                            "sound": "block.wood.place",
                            "has_consume_particles": false
                        },
                        "minecraft:item_name": "\"furniture\"",
                        "minecraft:max_stack_size": 64,
                        "minecraft:custom_name": [
                            {"text":"Large Bamboo Table","color":"white","italic":false}
                        ],
                        "minecraft:lore": [
                            {"text":"ꜰʟᴏᴏʀ ɪᴛᴇᴍ","italic":false,"color":"gray"}
                        ],
                        "minecraft:item_model": "minecraft:furniture/wood/bamboo_large_table",
                        "minecraft:custom_data": "{place_type: 0, translation: [0.0f, 0.5f, 0.0f], scale: [1.0f, 1.0f, 1.0f], interaction_height: 1.05f, interaction_width: 1.05f, interaction_translation_y: -0.025f, rotation_mode: \"free\", custom_handling:\"table\"}"
                    }
                }
            ]
        }
    ]
}