{
    "pools": [
      {
        "rolls": 1,
        "entries": [
          {
            "type": "minecraft:item",
            "name": "minecraft:paper",
            "functions": [
                {
                    "function": "minecraft:set_components",
                    "components": {
                        "minecraft:custom_data":{
                            "replace": 1
                        },
                        "minecraft:item_model": "minecraft:gui/empty"
                    }
                }

            ]
          }
        ]
      }
    ]
}
  