{
  "fallback": "minecraft:empty",
  "elements": [
    {
      "weight": 1,
      "element": {
        "element_type": "minecraft:single_pool_element",
        "projection": "rigid",
        "override_liquid_settings": "ignore_waterlogging",
        "location": "stellarity:village/decorations/lamp_1",
        "processors": "minecraft:empty"
      }
    },
    {
      "weight": 1,
      "element": {
        "element_type": "minecraft:single_pool_element",
        "projection": "rigid",
        "override_liquid_settings": "ignore_waterlogging",
        "location": "stellarity:village/decorations/lamp_2",
        "processors": "minecraft:empty"
      }
    },
    {
      "weight": 1,
      "element": {
        "element_type": "minecraft:single_pool_element",
        "projection": "rigid",
        "override_liquid_settings": "ignore_waterlogging",
        "location": "stellarity:village/decorations/lamp_3",
        "processors": "minecraft:empty"
      }
    },
    {
      "weight": 1,
      "element": {
        "element_type": "minecraft:single_pool_element",
        "projection": "rigid",
        "override_liquid_settings": "ignore_waterlogging",
        "location": "stellarity:village/decorations/lamp_4",
        "processors": "minecraft:empty"
      }
    },
    {
      "weight": 1,
      "element": {
        "element_type": "minecraft:single_pool_element",
        "projection": "rigid",
        "override_liquid_settings": "ignore_waterlogging",
        "location": "stellarity:village/decorations/lamp_5",
        "processors": "minecraft:empty"
      }
    },
    {
      "weight": 1,
      "element": {
        "element_type": "minecraft:single_pool_element",
        "projection": "rigid",
        "override_liquid_settings": "ignore_waterlogging",
        "location": "stellarity:village/decorations/lamp_6",
        "processors": "minecraft:empty"
      }
    },
    {
      "weight": 1,
      "element": {
        "element_type": "minecraft:single_pool_element",
        "projection": "rigid",
        "override_liquid_settings": "ignore_waterlogging",
        "location": "stellarity:village/decorations/lamp_7",
        "processors": "minecraft:empty"
      }
    },
    {
      "weight": 4,
      "element": {
        "element_type": "minecraft:feature_pool_element",
        "projection": "rigid",
        "override_liquid_settings": "ignore_waterlogging",
        "feature": "minecraft:oak"
      }
    },
    {
      "weight": 3,
      "element": {
        "element_type": "minecraft:feature_pool_element",
        "projection": "rigid",
        "override_liquid_settings": "ignore_waterlogging",
        "feature": "minecraft:pile_hay"
      }
    },
    {
      "weight": 3,
      "element": {
        "element_type": "minecraft:feature_pool_element",
        "projection": "rigid",
        "override_liquid_settings": "ignore_waterlogging",
        "feature": "minecraft:pile_melon"
      }
    },
    {
      "weight": 3,
      "element": {
        "element_type": "minecraft:feature_pool_element",
        "projection": "rigid",
        "override_liquid_settings": "ignore_waterlogging",
        "feature": "minecraft:pile_pumpkin"
      }
    }
  ]
}