{
  "fallback": "minecraft:empty",
  "elements": [
    {
      "weight": 2,
      "element": {
        "element_type": "minecraft:single_pool_element",
        "projection": "rigid",
        "location": "battle_towers:spawners/spawner_zombie",
        "override_liquid_settings": "ignore_waterlogging",
        "processors": "minecraft:empty"
      }
    },
    {
      "weight": 2,
      "element": {
        "element_type": "minecraft:single_pool_element",
        "projection": "rigid",
        "location": "battle_towers:spawners/spawner_spider",
        "override_liquid_settings": "ignore_waterlogging",
        "processors": "minecraft:empty"
      }
    },
    {
      "weight": 2,
      "element": {
        "element_type": "minecraft:single_pool_element",
        "projection": "rigid",
        "location": "battle_towers:spawners/spawner_skeleton",
        "override_liquid_settings": "ignore_waterlogging",
        "processors": "minecraft:empty"
      }
    },
    {
      "weight": 1,
      "element": {
        "element_type": "minecraft:single_pool_element",
        "projection": "rigid",
        "location": "battle_towers:spawners/spawner_cave_spider",
        "override_liquid_settings": "ignore_waterlogging",
        "processors": "minecraft:empty"
      }
    },
    {
      "weight": 1,
      "element": {
        "element_type": "minecraft:single_pool_element",
        "projection": "rigid",
        "location": "battle_towers:spawners/spawner_husk",
        "override_liquid_settings": "ignore_waterlogging",
        "processors": "minecraft:empty"
      }
    },
    {
      "weight": 2,
      "element": {
        "element_type": "minecraft:single_pool_element",
        "projection": "rigid",
        "location": "battle_towers:spawners/spawner_stray",
        "override_liquid_settings": "ignore_waterlogging",
        "processors": "minecraft:empty"
      }
    }
  ]
}
