{
    "name": "luistercorp:ice_enemies_cabin",
    "fallback": "minecraft:empty",
    "elements": [
      {
        "weight": 1,
        "element": {
          "element_type": "minecraft:single_pool_element",
          "projection": "rigid",
          "location": "luistercorp:ice_enemies_cabin_pillager",
        "processors": "minecraft:empty"
        }
      },
      {
        "weight": 1,
        "element": {
          "element_type": "minecraft:single_pool_element",
          "projection": "rigid",
          "location": "luistercorp:ice_enemies_cabin_vindicator",
        "processors": "minecraft:empty"
        }
      }
    ]
  }
  
