{
    "pools": [
      {
        "rolls": 1,
        "entries": [
          {
            "type": "minecraft:loot_table",
            "value": "effectgems:item/amber"
          },
          {
            "type": "minecraft:loot_table",
            "value": "effectgems:item/amethyst"
          },
          {
            "type": "minecraft:loot_table",
            "value": "effectgems:item/aquamarine"
          },
          {
            "type": "minecraft:loot_table",
            "value": "effectgems:item/aventurine"
          },
          {
            "type": "minecraft:loot_table",
            "value": "effectgems:item/cordierite"
          },
          {
            "type": "minecraft:loot_table",
            "value": "effectgems:item/diopside"
          },
          {
            "type": "minecraft:loot_table",
            "value": "effectgems:item/onyx"
          },
          {
            "type": "minecraft:loot_table",
            "value": "effectgems:item/pearl"
          },
          {
            "type": "minecraft:loot_table",
            "value": "effectgems:item/quartz"
          },
          {
            "type": "minecraft:loot_table",
            "value": "effectgems:item/ruby"
          },
          {
            "type": "minecraft:loot_table",
            "value": "effectgems:item/sapphire"
          },
          {
            "type": "minecraft:loot_table",
            "value": "effectgems:item/topaz"
          }
        ]
      }
    ]
  }