{
  "criteria": {
    "requirement": {
      "trigger": "minecraft:player_interacted_with_entity",
      "conditions": {
        "entity": [
          {
            "condition": "minecraft:inverted",
            "term": {
              "condition": "minecraft:entity_scores",
              "entity": "this",
              "scores": {
                "ic.altar": {
                  "min": 1,
                  "max": 85
                }
              }
            }
          },
          {
            "condition": "minecraft:entity_properties",
            "entity": "this",
            "predicate": {
              "type": "minecraft:interaction",
              "nbt": "{Tags:[\"ic.amethyst_altar\"]}"
            }
          }
        ]
      }
    }
  },
  "rewards": {
    "function": "infinity_cave:mechanics/altar/spawn"
  }
}
