{
  "feature": "infinity_cave:molten_caves/tree/middle",
  "placement": [
    {
      "type": "minecraft:count_on_every_layer",
      "count": 5
    },
    {
      "type": "minecraft:block_predicate_filter",
      "predicate": {
        "type": "minecraft:all_of",
        "predicates": [
          {
            "type": "minecraft:replaceable"
          },
          {
            "type": "minecraft:matching_blocks",
            "offset": [
              0,
              0,
              0
            ],
            "blocks": [
              "minecraft:air",
              "minecraft:void_air",
              "minecraft:cave_air"
            ]
          },
          {
            "type": "minecraft:matching_blocks",
            "offset": [
              0,
              -1,
              0
            ],
            "blocks": [
              "minecraft:smooth_basalt",
              "minecraft:basalt",
              "minecraft:crimson_nylium"
            ]
          }
        ]
      }
    },
    {
      "type": "minecraft:biome"
    }
  ]
}
