{
  "temperature": 0.5,
  "downfall": 0.5,
  "has_precipitation": false,
  "effects": {
    "sky_color": 0,
    "fog_color": 0,
    "water_color": 4445678,
    "water_fog_color": 270131,
    "grass_color": 16742190,
    "foliage_color": 16742190,
    "ambient_sound": {
      "sound_id": "stellarity:ambient.the_end.dark"
    },
    "mood_sound": {
      "sound": "ambient.nether_wastes.mood",
      "tick_delay": 820,
      "block_search_extent": 8,
      "offset": 2
    },
    "additions_sound": {
      "sound": "ambient.basalt_deltas.additions",
      "tick_chance": 0.005
    },
    "particle": {
      "options": {
        "type": "white_ash"
      },
      "probability": 0.0055
    }
  },
  "spawners": {
    "monster": [
      {
        "type": "minecraft:magma_cube",
        "weight": 20,
        "minCount": 1,
        "maxCount": 2
      }
    ],
    "creature": [],
    "ambient": [],
    "underground_water_creature": [],
    "water_creature": [],
    "water_ambient": [],
    "misc": []
  },
  "spawn_costs": {
    "minecraft:magma_cube": {
      "energy_budget": 0.18,
      "charge": 1
    }
  },
  "carvers": ["stellarity:ravine", "stellarity:crack"],
  "features": [
    [
      "stellarity:global/stalactite",
      "stellarity:fiery_hills/hills",
      "stellarity:fiery_hills/hills_blackstone",
      "stellarity:fiery_hills/hills_basalt"
    ],
    ["stellarity:fiery_hills/delta_lava", "stellarity:fiery_hills/delta_sand"],
    [],
    ["stellarity:fiery_hills/ore_gold", "stellarity:fiery_hills/ore_magma"],
    [],
    [],
    [],
    ["stellarity:fiery_hills/sand"],
    [
      "stellarity:fiery_hills/vents",
      "stellarity:fiery_hills/patch_fire",
      "stellarity:fiery_hills/trees",
      "stellarity:fiery_hills/vegetation"
    ],
    ["stellarity:global/end_dungeon", "stellarity:global/fossil"]
  ]
}
