{
  "temperature": 0.5,
  "downfall": 0.5,
  "has_precipitation": false,
  "effects": {
    "sky_color": 0,
    "fog_color": 0,
    "water_color": 2438726,
    "water_fog_color": 1714487,
    "grass_color": 2635843,
    "foliage_color": 2635843,
    "ambient_sound": {
      "sound_id": "stellarity:ambient.the_end.dark_calm"
    },
    "particle": {
      "options": {
        "type": "mycelium"
      },
      "probability": 0.012
    }
  },
  "spawners": {},
  "spawn_costs": {},
  "carvers": [],
  "features": [[], [], [], [], [], [], [], [], [], []]
}
