{
  "temperature": 0.6,
  "downfall": 0.6,
  "has_precipitation": false,
  "effects": {
    "sky_color": 8103167,
    "fog_color": 12638463,
    "water_color": 15368447,
    "water_fog_color": 15034111,
    "grass_color": 6078719,
    "foliage_color": 5819646,
    "ambient_sound": {
      "sound_id": "stellarity:ambient.the_end.heavenly_blessed"
    },
    "mood_sound": {
      "sound": "ambient.soul_sand_valley.mood",
      "tick_delay": 900,
      "block_search_extent": 2,
      "offset": 2
    },
    "additions_sound": {
      "sound": "ambient.underwater.loop.additions.rare",
      "tick_chance": 0.00055
    },
    "particle": {
      "options": {
        "type": "minecraft:cherry_leaves"
      },
      "probability": 0.0012
    }
  },
  "spawners": {
    "monster": [
      {
        "type": "minecraft:vex",
        "weight": 20,
        "minCount": 1,
        "maxCount": 2
      }
    ],
    "creature": [
      {
        "type": "illusioner",
        "maxCount": 4,
        "minCount": 1,
        "weight": 100
      }
    ]
  },
  "spawn_costs": {
    "minecraft:vex": {
      "energy_budget": 0.25,
      "charge": 1
    }
  },
  "carvers": [],
  "features": [
    ["stellarity:the_hallow/stalactite"],
    [
      "stellarity:the_hallow/crystals",
      "stellarity:the_hallow/crystals_amethyst",
      "stellarity:the_hallow/rock"
    ],
    ["stellarity:the_hallow/large_lake"],
    [],
    [],
    [],
    [],
    [],
    [],
    [
      "stellarity:the_hallow/trees",
      "stellarity:the_hallow/cherry_petals",
      "stellarity:the_hallow/flowers",
      "stellarity:the_hallow/grass",
      "stellarity:the_hallow/lanterns",
      "stellarity:the_hallow/lanterns_trees",
      "stellarity:the_hallow/weeping_vines",
      "stellarity:the_hallow/roots"
    ],
    []
  ]
}
