{
  "temperature": 0.8,
  "downfall": 0.4,
  "has_precipitation": false,
  "creature_spawn_probability": 0,
  "effects": {
    "sky_color": 0,
    "fog_color": 0,
    "water_color": 5855577,
    "water_fog_color": 3355443,
    "grass_color": 8882055,
    "foliage_color": 9079434,
    "ambient_sound": {
      "sound_id": "stellarity:ambient.the_end.dark_calm"
    },
    "mood_sound": {
      "sound": "ambient.basalt_deltas.mood",
      "tick_delay": 1600,
      "block_search_extent": 5,
      "offset": 1
    },
    "additions_sound": {
      "sound": "ambient.basalt_deltas.additions",
      "tick_chance": 0.0033
    },
    "particle": {
      "options": {
        "type": "minecraft:white_ash"
      },
      "probability": 0.01
    }
  },
  "spawners": {
    "monster": [
      {
        "type": "minecraft:enderman",
        "weight": 90,
        "minCount": 4,
        "maxCount": 4
      }
    ]
  },
  "spawn_costs": {
    "minecraft:enderman": {
      "charge": 0.8,
      "energy_budget": 1
    }
  },
  "carvers": ["stellarity:ravine", "stellarity:crack"],
  "features": [
    [
      "stellarity:global/stalactite",
      "stellarity:the_nest/deepslate",
      "stellarity:the_nest/tuff"
    ],
    [],
    ["stellarity:dragons_den/dragon_egg"],
    [],
    [],
    [],
    [],
    ["stellarity:the_nest/dead_corals"],
    [],
    ["stellarity:the_nest/transition"]
  ]
}
