{
  "display": {
    "icon": {
      "id": "minecraft:splash_potion",
      "components": {
        "item_model": "infinity_cave:tier_five_potion"
      }
    },
    "title": "Infinity Cave: Legendary Edition",
    "description": [
      {
        "text": "Find a Legendary Trial Spawner (replenishes around every hour)!"
      }
    ],
    "show_toast": true,
    "announce_to_chat": true,
    "hidden": false
  },
  "parent": "infinity_cave:display/trial_spawners/epic",
  "criteria": {
    "requirement": {
      "trigger": "location",
      "conditions": {
        "player": [
          {
            "condition": "minecraft:location_check",
            "predicate": {
              "structures": [
                "infinity_cave:limestone_grotto/trial_spawners/legendary",
                "infinity_cave:sulfide_caves/trial_spawners/legendary",
                "infinity_cave:molten_caves/trial_spawners/legendary",
                "infinity_cave:mushroom_gorge/trial_spawners/legendary",
                "infinity_cave:frozen_caves/trial_spawners/legendary",
                "infinity_cave:amethyst_caves/trial_spawners/legendary"
              ]
            }
          }
        ]
      }
    }
  }
}