{
  "processors": [
    {
      "processor_type": "minecraft:rule",
      "rules": [
        {
          "location_predicate": {
            "predicate_type": "minecraft:always_true"
          },
          "input_predicate": {
            "predicate_type": "minecraft:random_blockstate_match",
            "block_state": {
              "Name": "minecraft:end_stone_bricks"
            },
            "probability": 0.076
          },
          "output_state": {
            "Name": "minecraft:end_stone"
          }
        }
      ]
    },
    {
      "processor_type": "minecraft:block_ignore",
      "blocks": [
        {
          "Name": "minecraft:structure_void"
        }
      ]
    }
  ]
}