{
  "processors": [
    {
      "processor_type": "minecraft:block_ignore",
      "blocks": [
        {
          "Name": "minecraft:structure_void"
        }
      ]
    },
    {
      "processor_type": "minecraft:rule",
      "rules": [
        {
          "location_predicate": {
            "predicate_type": "minecraft:always_true"
          },
          "input_predicate": {
            "predicate_type": "minecraft:random_block_match",
            "block": "minecraft:lantern",
            "probability": 0.2
          },
          "output_state": {
            "Name": "minecraft:air"
          }
        },
        {
          "location_predicate": {
            "predicate_type": "minecraft:always_true"
          },
          "input_predicate": {
            "predicate_type": "minecraft:random_block_match",
            "block": "minecraft:wall_torch",
            "probability": 0.2
          },
          "output_state": {
            "Name": "minecraft:air"
          }
        },
        {
          "location_predicate": {
            "predicate_type": "minecraft:always_true"
          },
          "input_predicate": {
            "predicate_type": "minecraft:random_block_match",
            "block": "minecraft:cracked_stone_bricks",
            "probability": 0.5
          },
          "output_state": {
            "Name": "minecraft:cobblestone"
          }
        },
        {
          "location_predicate": {
            "predicate_type": "minecraft:always_true"
          },
          "input_predicate": {
            "predicate_type": "minecraft:random_block_match",
            "block": "minecraft:stone_bricks",
            "probability": 0.009
          },
          "output_state": {
            "Name": "minecraft:mossy_stone_bricks"
          }
        },
        {
          "location_predicate": {
            "predicate_type": "minecraft:always_true"
          },
          "input_predicate": {
            "predicate_type": "minecraft:random_block_match",
            "block": "minecraft:stone_bricks",
            "probability": 0.11
          },
          "output_state": {
            "Name": "minecraft:cracked_stone_bricks"
          }
        },
        {
          "location_predicate": {
            "predicate_type": "minecraft:always_true"
          },
          "input_predicate": {
            "predicate_type": "minecraft:random_block_match",
            "block": "minecraft:stone_bricks",
            "probability": 0.01
          },
          "output_state": {
            "Name": "minecraft:infested_stone_bricks"
          }
        },
        {
          "location_predicate": {
            "predicate_type": "minecraft:always_true"
          },
          "input_predicate": {
            "predicate_type": "minecraft:random_block_match",
            "block": "minecraft:tuff_bricks",
            "probability": 0.25
          },
          "output_state": {
            "Name": "minecraft:polished_tuff"
          }
        },
        {
          "location_predicate": {
            "predicate_type": "minecraft:always_true"
          },
          "input_predicate": {
            "predicate_type": "minecraft:random_block_match",
            "block": "minecraft:purple_carpet",
            "probability": 0.2
          },
          "output_state": {
            "Name": "minecraft:air"
          }
        },
        {
          "location_predicate": {
            "predicate_type": "minecraft:always_true"
          },
          "input_predicate": {
            "predicate_type": "minecraft:random_block_match",
            "block": "minecraft:purple_carpet",
            "probability": 0.333
          },
          "output_state": {
            "Name": "minecraft:magenta_carpet"
          }
        },
        {
          "location_predicate": {
            "predicate_type": "minecraft:always_true"
          },
          "input_predicate": {
            "predicate_type": "minecraft:random_blockstate_match",
            "block_state": {
              "Name": "minecraft:end_portal_frame",
              "Properties": {
                "facing": "east",
                "eye": "false"
              }
            },
            "probability": 0.1
          },
          "output_state": {
            "Name": "minecraft:end_portal_frame",
            "Properties": {
              "facing": "east",
              "eye": "true"
            }
          }
        },
        {
          "location_predicate": {
            "predicate_type": "minecraft:always_true"
          },
          "input_predicate": {
            "predicate_type": "minecraft:random_blockstate_match",
            "block_state": {
              "Name": "minecraft:end_portal_frame",
              "Properties": {
                "facing": "west",
                "eye": "false"
              }
            },
            "probability": 0.1
          },
          "output_state": {
            "Name": "minecraft:end_portal_frame",
            "Properties": {
              "facing": "west",
              "eye": "true"
            }
          }
        },
        {
          "location_predicate": {
            "predicate_type": "minecraft:always_true"
          },
          "input_predicate": {
            "predicate_type": "minecraft:random_blockstate_match",
            "block_state": {
              "Name": "minecraft:end_portal_frame",
              "Properties": {
                "facing": "north",
                "eye": "false"
              }
            },
            "probability": 0.1
          },
          "output_state": {
            "Name": "minecraft:end_portal_frame",
            "Properties": {
              "facing": "north",
              "eye": "true"
            }
          }
        },
        {
          "location_predicate": {
            "predicate_type": "minecraft:always_true"
          },
          "input_predicate": {
            "predicate_type": "minecraft:random_blockstate_match",
            "block_state": {
              "Name": "minecraft:end_portal_frame",
              "Properties": {
                "facing": "south",
                "eye": "false"
              }
            },
            "probability": 0.1
          },
          "output_state": {
            "Name": "minecraft:end_portal_frame",
            "Properties": {
              "facing": "south",
              "eye": "true"
            }
          }
        },
        {
          "location_predicate": {
            "predicate_type": "minecraft:always_true"
          },
          "input_predicate": {
            "predicate_type": "minecraft:random_block_match",
            "block": "minecraft:iron_trapdoor",
            "probability": 0.15
          },
          "output_state": {
            "Name": "minecraft:air"
          }
        },
        {
          "location_predicate": {
            "predicate_type": "minecraft:always_true"
          },
          "input_predicate": {
            "predicate_type": "minecraft:random_block_match",
            "block": "minecraft:cobweb",
            "probability": 0.2
          },
          "output_state": {
            "Name": "minecraft:air"
          }
        },
        {
          "location_predicate": {
            "predicate_type": "minecraft:always_true"
          },
          "input_predicate": {
            "predicate_type": "minecraft:block_match",
            "block": "minecraft:decorated_pot"
          },
          "output_state": {
            "Name": "minecraft:decorated_pot"
          },
          "block_entity_modifier": {
            "type": "minecraft:append_loot",
            "loot_table": "stellarity:stronghold/junk"
          }
        }
      ]
    }
  ]
}