{
  "display": {
    "icon": {
      "id": "minecraft:music_disc_5",
      "components": {
        "item_model": "infinity_cave:enchantlet_tier_four"
      }
    },
    "title": "TIER 4 SUBS EXIST?!",
    "description": [
      {
        "text": "Find your first Tier IV Enchantlet!"
      }
    ],
    "show_toast": true,
    "announce_to_chat": true,
    "hidden": false
  },
  "parent": "infinity_cave:display/enchantlet/3",
  "criteria": {
    "requirement": {
      "trigger": "minecraft:inventory_changed",
      "conditions": {
        "items": [
          {
            "items": [
              "minecraft:music_disc_5"
            ],
            "predicates": {
              "minecraft:custom_data": {
                "infinity_cave": {
                  "item": "enchantlet",
                  "tier": 4
                }
              }
            }
          }
        ]
      }
    }
  }
}
