{
    "type": "minecraft:random_patch",
    "config": {
      "tries": 25,
      "xz_spread": 0,
      "y_spread": 0,
      "feature": {
        "feature": {
          "type": "minecraft:simple_random_selector",
          "config": {
            "features": [
              {
                "feature": {
                  "type": "minecraft:disk",
                  "config": {
                    "state_provider": {
                      "fallback": {
                        "type": "minecraft:simple_state_provider",
                        "state": { "Name": "minecraft:stone" }
                      },
                      "rules": [
                        {
                          "if_true": {
                            "type": "not",
                            "predicate": {
                              "type": "matching_blocks",
                              "blocks": ["minecraft:stone"],
                              "offset": [0, 0, 0]
                            }
                          },
                          "then": {
                            "type": "minecraft:simple_state_provider",
                            "state": { "Name": "minecraft:stone" }
                          }
                        }
                      ]
                    },
                    "radius": 8,
                    "half_height": 1,
                    "target": {
                      "type": "minecraft:matching_block_tag",
                      "tag": "infinity_cave:all_but_lava"
                    }
                  }
                },
                "placement": []
              },
              {
                "feature": {
                  "type": "minecraft:disk",
                  "config": {
                    "state_provider": {
                      "fallback": {
                        "type": "minecraft:simple_state_provider",
                        "state": { "Name": "minecraft:stone" }
                      },
                      "rules": [
                        {
                          "if_true": {
                            "type": "not",
                            "predicate": {
                              "type": "matching_blocks",
                              "blocks": ["minecraft:stone"],
                              "offset": [0, -1, 0]
                            }
                          },
                          "then": {
                            "type": "minecraft:simple_state_provider",
                            "state": { "Name": "minecraft:stone" }
                          }
                        }
                      ]
                    },
                    "radius": 7,
                    "half_height": 1,
                    "target": {
                      "type": "minecraft:matching_block_tag",
                      "tag": "infinity_cave:all_but_lava"
                    }
                  }
                },
                "placement": [
                  {
                    "type": "random_offset",
                    "xz_spread": 0,
                    "y_spread": -1
                  }
                ]
              },
              {
                "feature": {
                  "type": "minecraft:disk",
                  "config": {
                    "state_provider": {
                      "fallback": {
                        "type": "minecraft:simple_state_provider",
                        "state": { "Name": "minecraft:stone" }
                      },
                      "rules": [
                        {
                          "if_true": {
                            "type": "not",
                            "predicate": {
                              "type": "matching_blocks",
                              "blocks": ["minecraft:stone"],
                              "offset": [0, -2, 0]
                            }
                          },
                          "then": {
                            "type": "minecraft:simple_state_provider",
                            "state": { "Name": "minecraft:stone" }
                          }
                        }
                      ]
                    },
                    "radius": 6,
                    "half_height": 1,
                    "target": {
                      "type": "minecraft:matching_block_tag",
                      "tag": "infinity_cave:all_but_lava"
                    }
                  }
                },
                "placement": [
                  {
                    "type": "random_offset",
                    "xz_spread": 0,
                    "y_spread": -2
                  }
                ]
              },
              {
                "feature": {
                  "type": "minecraft:disk",
                  "config": {
                    "state_provider": {
                      "fallback": {
                        "type": "minecraft:simple_state_provider",
                        "state": { "Name": "minecraft:water" }
                      },
                      "rules": [
                        {
                          "if_true": {
                            "type": "not",
                            "predicate": {
                              "type": "matching_blocks",
                              "blocks": ["minecraft:water"],
                              "offset": [0, 0, 0]
                            }
                          },
                          "then": {
                            "type": "minecraft:simple_state_provider",
                            "state": { "Name": "minecraft:water" }
                          }
                        }
                      ]
                    },
                    "radius": 7,
                    "half_height": 1,
                    "target": {
                      "type": "minecraft:matching_block_tag",
                      "tag": "infinity_cave:all_but_lava"
                    }
                  }
                },
                "placement": []
              },
              {
                "feature": {
                  "type": "minecraft:disk",
                  "config": {
                    "state_provider": {
                      "fallback": {
                        "type": "minecraft:simple_state_provider",
                        "state": { "Name": "minecraft:water" }
                      },
                      "rules": [
                        {
                          "if_true": {
                            "type": "not",
                            "predicate": {
                              "type": "matching_blocks",
                              "blocks": ["minecraft:water"],
                              "offset": [0, -1, 0]
                            }
                          },
                          "then": {
                            "type": "minecraft:simple_state_provider",
                            "state": { "Name": "minecraft:water" }
                          }
                        }
                      ]
                    },
                    "radius": 6,
                    "half_height": 1,
                    "target": {
                      "type": "minecraft:matching_block_tag",
                      "tag": "infinity_cave:all_but_lava"
                    }
                  }
                },
                "placement": []
              }
            ]
          }
        },
        "placement": []
      }
    }
  }
  