{
  "type": "minecraft:cave",
  "config": {
    "probability": 0.15,
    "y": {
      "type": "minecraft:uniform",
      "min_inclusive": {
        "above_bottom": 8
      },
      "max_inclusive": {
        "below_top": 8
      }
    },
    "yScale": {
      "type": "minecraft:uniform",
      "min_inclusive": 0.4,
      "max_exclusive": 1.5
    },
    "lava_level": {
      "absolute": 0
    },
    "replaceable": "#stellarity:_worldgen/carvers_replaceable",
    "debug_settings": {
      "debug_mode": false,
      "air_state": {
        "Name": "minecraft:white_stained_glass"
      },
      "water_state": {
        "Name": "minecraft:candle",
        "Properties": {
          "waterlogged": "false",
          "lit": "false",
          "candles": "1"
        }
      },
      "lava_state": {
        "Name": "minecraft:orange_stained_glass"
      },
      "barrier_state": {
        "Name": "minecraft:glass"
      }
    },
    "horizontal_radius_multiplier": {
      "type": "minecraft:uniform",
      "min_inclusive": 1,
      "max_exclusive": 2.2
    },
    "vertical_radius_multiplier": {
      "type": "minecraft:uniform",
      "min_inclusive": 1,
      "max_exclusive": 2.2
    },
    "floor_level": {
      "type": "minecraft:uniform",
      "min_inclusive": -1,
      "max_exclusive": -0.4
    }
  }
}