{
  "type": "minecraft:canyon",
  "config": {
    "probability": 0.02,
    "y": {
      "type": "minecraft:uniform",
      "min_inclusive": {
        "above_bottom": 16
      },
      "max_inclusive": {
        "below_top": 16
      }
    },
    "yScale": 4,
    "lava_level": {
      "absolute": 0
    },
    "replaceable": "#stellarity:_worldgen/carvers_replaceable",
    "debug_settings": {
      "debug_mode": false,
      "air_state": {
        "Name": "minecraft:cyan_stained_glass"
      },
      "water_state": {
        "Name": "minecraft:candle",
        "Properties": {
          "candles": "1",
          "lit": "false",
          "waterlogged": "false"
        }
      },
      "lava_state": {
        "Name": "minecraft:orange_stained_glass"
      },
      "barrier_state": {
        "Name": "minecraft:glass"
      }
    },
    "vertical_rotation": {
      "type": "minecraft:uniform",
      "min_inclusive": -0.125,
      "max_exclusive": 0.125
    },
    "shape": {
      "distance_factor": {
        "type": "minecraft:uniform",
        "min_inclusive": 0.75,
        "max_exclusive": 1
      },
      "thickness": {
        "type": "minecraft:trapezoid",
        "min": 0,
        "max": 4,
        "plateau": 2
      },
      "width_smoothness": 3,
      "horizontal_radius_factor": {
        "type": "minecraft:uniform",
        "min_inclusive": 0.5,
        "max_exclusive": 0.75
      },
      "vertical_radius_default_factor": 1,
      "vertical_radius_center_factor": 0
    }
  }
}