{
    "type": "minecraft:crafting_shaped",
	"group": "af.brazier.brazier",
    "category": "building",
    "pattern": [
        "zyz",
        "xzx"
    ],
    "key": {
        "x": "minecraft:stick",
        "y": "minecraft:coal",
        "z": "minecraft:iron_ingot"
    },
    "result": {
        "id": "minecraft:leather_horse_armor",
        "count": 1,
        "components": {
            "!minecraft:equippable": {},
            "!minecraft:attribute_modifiers": {},
            "minecraft:tooltip_display": {
                "hidden_components": [
                    "minecraft:dyed_color"
                ]
            },
            "minecraft:tooltip_style": "minecraft:af_brown",
            "minecraft:consumable": {
                "consume_seconds": 1000000,
                "animation": "none",
                "sound": "block.wood.place",
                "has_consume_particles": false
            },
            "minecraft:item_name": "\"furniture\"",
            "minecraft:max_stack_size": 64,
            "minecraft:custom_name": [
                {"text":"Brazier","color":"white","italic":false}
            ],
            "minecraft:lore": [
                {"text":"ꜰʟᴏᴏʀ ɪᴛᴇᴍ","italic":false,"color":"gray"}
            ],
            "minecraft:item_model": "minecraft:furniture/brazier/brazier",
            "minecraft:custom_data": "{place_type: 0, translation: [0.0f, 0.5f, 0.0f], scale: [1.0f, 1.0f, 1.0f], interaction_height: 0.65f, interaction_width: 0.8f, interaction_translation_y: 0.0f, rotation_mode: \"free\", custom_handling:\"candelabra\"}"
        }
    }
}