{
  "fallback": "minecraft:empty",
  "elements": [
    {
      "weight": 1,
      "element": {
        "element_type": "minecraft:single_pool_element",
        "projection": "rigid",
        "location": "stellarity:stronghold/portal_room_image/enderman",
        "processors": "stellarity:stronghold_generic"
      }
    },
    {
      "weight": 1,
      "element": {
        "element_type": "minecraft:single_pool_element",
        "projection": "rigid",
        "location": "stellarity:stronghold/portal_room_image/skeleton",
        "processors": "stellarity:stronghold_generic"
      }
    },
    {
      "weight": 1,
      "element": {
        "element_type": "minecraft:single_pool_element",
        "projection": "rigid",
        "location": "stellarity:stronghold/portal_room_image/slime",
        "processors": "stellarity:stronghold_generic"
      }
    },
    {
      "weight": 1,
      "element": {
        "element_type": "minecraft:single_pool_element",
        "projection": "rigid",
        "location": "stellarity:stronghold/portal_room_image/zombie",
        "processors": "stellarity:stronghold_generic"
      }
    }
  ]
}