{
  "feature": "stellarity:hallowed_tundra/trees",
  "placement": [
    {
      "type": "minecraft:count_on_every_layer",
      "count": {
        "type": "minecraft:weighted_list",
        "distribution": [
          {
            "weight": 5,
            "data": 2
          },
          {
            "weight": 4,
            "data": 3
          },
          {
            "weight": 1,
            "data": 5
          }
        ]
      }
    },
    {
      "type": "minecraft:block_predicate_filter",
      "predicate": {
        "type": "minecraft:matching_blocks",
        "offset": [
          0,
          -1,
          0
        ],
        "blocks": [
          "snow_block"
        ]
      }
    },
    {
      "type": "minecraft:biome"
    }
  ]
}